Started GET "/" for 172.19.0.1 at 2026-06-19 20:33:38 +0000
Cannot render console from 172.19.0.1! Allowed networks: 127.0.0.0/127.255.255.255, ::1, ::ffff:127.0.0.0/::ffff:127.255.255.255
  
ActiveRecord::ConnectionNotEstablished (connection to server on socket "/var/run/postgresql/.s.PGSQL.5432" failed: No such file or directory
	Is the server running locally and accepting connections on that socket?
connection to server on socket "/run/postgresql/.s.PGSQL.5432" failed: No such file or directory
	Is the server running locally and accepting connections on that socket?
connection to server on socket "/tmp/.s.PGSQL.5432" failed: No such file or directory
	Is the server running locally and accepting connections on that socket?
)
Caused by: PG::ConnectionBad (connection to server on socket "/var/run/postgresql/.s.PGSQL.5432" failed: No such file or directory
	Is the server running locally and accepting connections on that socket?
connection to server on socket "/run/postgresql/.s.PGSQL.5432" failed: No such file or directory
	Is the server running locally and accepting connections on that socket?
connection to server on socket "/tmp/.s.PGSQL.5432" failed: No such file or directory
	Is the server running locally and accepting connections on that socket?
)

Information for: ActiveRecord::ConnectionNotEstablished (connection to server on socket "/var/run/postgresql/.s.PGSQL.5432" failed: No such file or directory
	Is the server running locally and accepting connections on that socket?
connection to server on socket "/run/postgresql/.s.PGSQL.5432" failed: No such file or directory
	Is the server running locally and accepting connections on that socket?
connection to server on socket "/tmp/.s.PGSQL.5432" failed: No such file or directory
	Is the server running locally and accepting connections on that socket?
):
  
activerecord (8.1.3) lib/active_record/connection_adapters/postgresql_adapter.rb:69:in 'ActiveRecord::ConnectionAdapters::PostgreSQLAdapter.new_client'
activerecord (8.1.3) lib/active_record/connection_adapters/postgresql_adapter.rb:960:in 'ActiveRecord::ConnectionAdapters::PostgreSQLAdapter#connect'
activerecord (8.1.3) lib/active_record/connection_adapters/postgresql_adapter.rb:972:in 'ActiveRecord::ConnectionAdapters::PostgreSQLAdapter#reconnect'
activerecord (8.1.3) lib/active_record/connection_adapters/abstract_adapter.rb:719:in 'block (2 levels) in ActiveRecord::ConnectionAdapters::AbstractAdapter#reconnect!'
activerecord (8.1.3) lib/active_record/connection_adapters/abstract_adapter.rb:1290:in 'ActiveRecord::ConnectionAdapters::AbstractAdapter#attempt_configure_connection'
activerecord (8.1.3) lib/active_record/connection_adapters/abstract_adapter.rb:716:in 'block in ActiveRecord::ConnectionAdapters::AbstractAdapter#reconnect!'
activesupport (8.1.3) lib/active_support/concurrency/null_lock.rb:9:in 'ActiveSupport::Concurrency::NullLock#synchronize'
activerecord (8.1.3) lib/active_record/connection_adapters/abstract_adapter.rb:715:in 'ActiveRecord::ConnectionAdapters::AbstractAdapter#reconnect!'
activerecord (8.1.3) lib/active_record/connection_adapters/abstract_adapter.rb:830:in 'block in ActiveRecord::ConnectionAdapters::AbstractAdapter#verify!'
activesupport (8.1.3) lib/active_support/concurrency/null_lock.rb:9:in 'ActiveSupport::Concurrency::NullLock#synchronize'
activerecord (8.1.3) lib/active_record/connection_adapters/abstract_adapter.rb:817:in 'ActiveRecord::ConnectionAdapters::AbstractAdapter#verify!'
activerecord (8.1.3) lib/active_record/connection_adapters/abstract_adapter.rb:839:in 'ActiveRecord::ConnectionAdapters::AbstractAdapter#connect!'
activerecord (8.1.3) lib/active_record/connection_adapters/abstract_adapter.rb:1056:in 'block in ActiveRecord::ConnectionAdapters::AbstractAdapter#with_raw_connection'
activesupport (8.1.3) lib/active_support/concurrency/null_lock.rb:9:in 'ActiveSupport::Concurrency::NullLock#synchronize'
activerecord (8.1.3) lib/active_record/connection_adapters/abstract_adapter.rb:1055:in 'ActiveRecord::ConnectionAdapters::AbstractAdapter#with_raw_connection'
activerecord (8.1.3) lib/active_record/connection_adapters/postgresql/quoting.rb:128:in 'ActiveRecord::ConnectionAdapters::PostgreSQL::Quoting#quote_string'
activerecord (8.1.3) lib/active_record/connection_adapters/abstract/quoting.rb:75:in 'ActiveRecord::ConnectionAdapters::Quoting#quote'
activerecord (8.1.3) lib/active_record/connection_adapters/postgresql/quoting.rb:122:in 'ActiveRecord::ConnectionAdapters::PostgreSQL::Quoting#quote'
activerecord (8.1.3) lib/active_record/connection_adapters/postgresql/schema_statements.rb:1180:in 'ActiveRecord::ConnectionAdapters::PostgreSQL::SchemaStatements#quoted_scope'
activerecord (8.1.3) lib/active_record/connection_adapters/postgresql/schema_statements.rb:1157:in 'ActiveRecord::ConnectionAdapters::PostgreSQL::SchemaStatements#data_source_sql'
activerecord (8.1.3) lib/active_record/connection_adapters/abstract/schema_statements.rb:61:in 'ActiveRecord::ConnectionAdapters::SchemaStatements#table_exists?'
activerecord (8.1.3) lib/active_record/schema_migration.rb:55:in 'block in ActiveRecord::SchemaMigration#create_table'
activerecord (8.1.3) lib/active_record/connection_adapters/abstract/connection_pool.rb:463:in 'ActiveRecord::ConnectionAdapters::ConnectionPool#with_connection'
activerecord (8.1.3) lib/active_record/schema_migration.rb:54:in 'ActiveRecord::SchemaMigration#create_table'
activerecord (8.1.3) lib/active_record/migration.rb:1440:in 'ActiveRecord::Migrator#initialize'
activerecord (8.1.3) lib/active_record/migration.rb:1288:in 'ActiveRecord::MigrationContext#open'
activerecord (8.1.3) lib/active_record/migration.rb:763:in 'block (2 levels) in ActiveRecord::Migration.pending_migrations'
activerecord (8.1.3) lib/active_record/migration/pending_migration_connection.rb:8:in 'ActiveRecord::PendingMigrationConnection.with_temporary_pool'
activerecord (8.1.3) lib/active_record/migration.rb:762:in 'block in ActiveRecord::Migration.pending_migrations'
activerecord (8.1.3) lib/active_record/migration.rb:761:in 'Array#each'
activerecord (8.1.3) lib/active_record/migration.rb:761:in 'ActiveRecord::Migration.pending_migrations'
activerecord (8.1.3) lib/active_record/migration.rb:740:in 'ActiveRecord::Migration.check_pending_migrations'
activerecord (8.1.3) lib/active_record/migration.rb:660:in 'block (2 levels) in ActiveRecord::Migration::CheckPending#call'
activesupport (8.1.3) lib/active_support/file_update_checker.rb:88:in 'ActiveSupport::FileUpdateChecker#execute'
activerecord (8.1.3) lib/active_record/migration.rb:665:in 'block in ActiveRecord::Migration::CheckPending#call'
activerecord (8.1.3) lib/active_record/migration.rb:657:in 'Thread::Mutex#synchronize'
activerecord (8.1.3) lib/active_record/migration.rb:657:in 'ActiveRecord::Migration::CheckPending#call'
actionpack (8.1.3) lib/action_dispatch/middleware/callbacks.rb:31:in 'block in ActionDispatch::Callbacks#call'
activesupport (8.1.3) lib/active_support/callbacks.rb:101:in 'ActiveSupport::Callbacks#run_callbacks'
actionpack (8.1.3) lib/action_dispatch/middleware/callbacks.rb:30:in 'ActionDispatch::Callbacks#call'
actionpack (8.1.3) lib/action_dispatch/middleware/executor.rb:20:in 'ActionDispatch::Executor#call'
actionpack (8.1.3) lib/action_dispatch/middleware/actionable_exceptions.rb:18:in 'ActionDispatch::ActionableExceptions#call'
actionpack (8.1.3) lib/action_dispatch/middleware/debug_exceptions.rb:31:in 'ActionDispatch::DebugExceptions#call'
web-console (4.3.0) lib/web_console/middleware.rb:132:in 'WebConsole::Middleware#call_app'
web-console (4.3.0) lib/web_console/middleware.rb:19:in 'block in WebConsole::Middleware#call'
web-console (4.3.0) lib/web_console/middleware.rb:17:in 'Kernel#catch'
web-console (4.3.0) lib/web_console/middleware.rb:17:in 'WebConsole::Middleware#call'
actionpack (8.1.3) lib/action_dispatch/middleware/show_exceptions.rb:32:in 'ActionDispatch::ShowExceptions#call'
railties (8.1.3) lib/rails/rack/logger.rb:41:in 'Rails::Rack::Logger#call_app'
railties (8.1.3) lib/rails/rack/logger.rb:29:in 'Rails::Rack::Logger#call'
propshaft (1.3.2) lib/propshaft/quiet_assets.rb:11:in 'Propshaft::QuietAssets#call'
actionpack (8.1.3) lib/action_dispatch/middleware/remote_ip.rb:98:in 'ActionDispatch::RemoteIp#call'
actionpack (8.1.3) lib/action_dispatch/middleware/request_id.rb:34:in 'ActionDispatch::RequestId#call'
rack (3.2.6) lib/rack/method_override.rb:28:in 'Rack::MethodOverride#call'
rack (3.2.6) lib/rack/runtime.rb:24:in 'Rack::Runtime#call'
activesupport (8.1.3) lib/active_support/cache/strategy/local_cache_middleware.rb:30:in 'ActiveSupport::Cache::Strategy::LocalCache::Middleware#call'
actionpack (8.1.3) lib/action_dispatch/middleware/server_timing.rb:61:in 'block in ActionDispatch::ServerTiming#call'
actionpack (8.1.3) lib/action_dispatch/middleware/server_timing.rb:26:in 'ActionDispatch::ServerTiming::Subscriber#collect_events'
actionpack (8.1.3) lib/action_dispatch/middleware/server_timing.rb:60:in 'ActionDispatch::ServerTiming#call'
actionpack (8.1.3) lib/action_dispatch/middleware/executor.rb:20:in 'ActionDispatch::Executor#call'
propshaft (1.3.2) lib/propshaft/server.rb:37:in 'Propshaft::Server#call'
actionpack (8.1.3) lib/action_dispatch/middleware/static.rb:27:in 'ActionDispatch::Static#call'
rack (3.2.6) lib/rack/sendfile.rb:131:in 'Rack::Sendfile#call'
actionpack (8.1.3) lib/action_dispatch/middleware/host_authorization.rb:143:in 'ActionDispatch::HostAuthorization#call'
railties (8.1.3) lib/rails/engine.rb:534:in 'Rails::Engine#call'
puma (8.0.2) lib/puma/configuration.rb:305:in 'Puma::Configuration::ConfigMiddleware#call'
puma (8.0.2) lib/puma/response.rb:79:in 'block in Puma::Response#handle_request'
puma (8.0.2) lib/puma/thread_pool.rb:434:in 'Puma::ThreadPool#with_force_shutdown'
puma (8.0.2) lib/puma/response.rb:78:in 'Puma::Response#handle_request'
puma (8.0.2) lib/puma/server.rb:508:in 'Puma::Server#process_client'
puma (8.0.2) lib/puma/server.rb:263:in 'block in Puma::Server#run'
puma (8.0.2) lib/puma/thread_pool.rb:246:in 'block in Puma::ThreadPool#spawn_thread'

Information for cause: PG::ConnectionBad (connection to server on socket "/var/run/postgresql/.s.PGSQL.5432" failed: No such file or directory
	Is the server running locally and accepting connections on that socket?
connection to server on socket "/run/postgresql/.s.PGSQL.5432" failed: No such file or directory
	Is the server running locally and accepting connections on that socket?
connection to server on socket "/tmp/.s.PGSQL.5432" failed: No such file or directory
	Is the server running locally and accepting connections on that socket?
):
  
pg-1.6.3-x86_64 (linux) lib/pg/connection.rb:944:in 'PG::Connection.connect_start'
pg-1.6.3-x86_64 (linux) lib/pg/connection.rb:944:in 'PG::Connection.connect_to_hosts'
pg-1.6.3-x86_64 (linux) lib/pg/connection.rb:871:in 'PG::Connection.new'
pg-1.6.3-x86_64 (linux) lib/pg.rb:88:in 'PG.connect'
activerecord (8.1.3) lib/active_record/connection_adapters/postgresql_adapter.rb:58:in 'ActiveRecord::ConnectionAdapters::PostgreSQLAdapter.new_client'
activerecord (8.1.3) lib/active_record/connection_adapters/postgresql_adapter.rb:960:in 'ActiveRecord::ConnectionAdapters::PostgreSQLAdapter#connect'
activerecord (8.1.3) lib/active_record/connection_adapters/postgresql_adapter.rb:972:in 'ActiveRecord::ConnectionAdapters::PostgreSQLAdapter#reconnect'
activerecord (8.1.3) lib/active_record/connection_adapters/abstract_adapter.rb:719:in 'block (2 levels) in ActiveRecord::ConnectionAdapters::AbstractAdapter#reconnect!'
activerecord (8.1.3) lib/active_record/connection_adapters/abstract_adapter.rb:1290:in 'ActiveRecord::ConnectionAdapters::AbstractAdapter#attempt_configure_connection'
activerecord (8.1.3) lib/active_record/connection_adapters/abstract_adapter.rb:716:in 'block in ActiveRecord::ConnectionAdapters::AbstractAdapter#reconnect!'
activesupport (8.1.3) lib/active_support/concurrency/null_lock.rb:9:in 'ActiveSupport::Concurrency::NullLock#synchronize'
activerecord (8.1.3) lib/active_record/connection_adapters/abstract_adapter.rb:715:in 'ActiveRecord::ConnectionAdapters::AbstractAdapter#reconnect!'
activerecord (8.1.3) lib/active_record/connection_adapters/abstract_adapter.rb:830:in 'block in ActiveRecord::ConnectionAdapters::AbstractAdapter#verify!'
activesupport (8.1.3) lib/active_support/concurrency/null_lock.rb:9:in 'ActiveSupport::Concurrency::NullLock#synchronize'
activerecord (8.1.3) lib/active_record/connection_adapters/abstract_adapter.rb:817:in 'ActiveRecord::ConnectionAdapters::AbstractAdapter#verify!'
activerecord (8.1.3) lib/active_record/connection_adapters/abstract_adapter.rb:839:in 'ActiveRecord::ConnectionAdapters::AbstractAdapter#connect!'
activerecord (8.1.3) lib/active_record/connection_adapters/abstract_adapter.rb:1056:in 'block in ActiveRecord::ConnectionAdapters::AbstractAdapter#with_raw_connection'
activesupport (8.1.3) lib/active_support/concurrency/null_lock.rb:9:in 'ActiveSupport::Concurrency::NullLock#synchronize'
activerecord (8.1.3) lib/active_record/connection_adapters/abstract_adapter.rb:1055:in 'ActiveRecord::ConnectionAdapters::AbstractAdapter#with_raw_connection'
activerecord (8.1.3) lib/active_record/connection_adapters/postgresql/quoting.rb:128:in 'ActiveRecord::ConnectionAdapters::PostgreSQL::Quoting#quote_string'
activerecord (8.1.3) lib/active_record/connection_adapters/abstract/quoting.rb:75:in 'ActiveRecord::ConnectionAdapters::Quoting#quote'
activerecord (8.1.3) lib/active_record/connection_adapters/postgresql/quoting.rb:122:in 'ActiveRecord::ConnectionAdapters::PostgreSQL::Quoting#quote'
activerecord (8.1.3) lib/active_record/connection_adapters/postgresql/schema_statements.rb:1180:in 'ActiveRecord::ConnectionAdapters::PostgreSQL::SchemaStatements#quoted_scope'
activerecord (8.1.3) lib/active_record/connection_adapters/postgresql/schema_statements.rb:1157:in 'ActiveRecord::ConnectionAdapters::PostgreSQL::SchemaStatements#data_source_sql'
activerecord (8.1.3) lib/active_record/connection_adapters/abstract/schema_statements.rb:61:in 'ActiveRecord::ConnectionAdapters::SchemaStatements#table_exists?'
activerecord (8.1.3) lib/active_record/schema_migration.rb:55:in 'block in ActiveRecord::SchemaMigration#create_table'
activerecord (8.1.3) lib/active_record/connection_adapters/abstract/connection_pool.rb:463:in 'ActiveRecord::ConnectionAdapters::ConnectionPool#with_connection'
activerecord (8.1.3) lib/active_record/schema_migration.rb:54:in 'ActiveRecord::SchemaMigration#create_table'
activerecord (8.1.3) lib/active_record/migration.rb:1440:in 'ActiveRecord::Migrator#initialize'
activerecord (8.1.3) lib/active_record/migration.rb:1288:in 'ActiveRecord::MigrationContext#open'
activerecord (8.1.3) lib/active_record/migration.rb:763:in 'block (2 levels) in ActiveRecord::Migration.pending_migrations'
activerecord (8.1.3) lib/active_record/migration/pending_migration_connection.rb:8:in 'ActiveRecord::PendingMigrationConnection.with_temporary_pool'
activerecord (8.1.3) lib/active_record/migration.rb:762:in 'block in ActiveRecord::Migration.pending_migrations'
activerecord (8.1.3) lib/active_record/migration.rb:761:in 'Array#each'
activerecord (8.1.3) lib/active_record/migration.rb:761:in 'ActiveRecord::Migration.pending_migrations'
activerecord (8.1.3) lib/active_record/migration.rb:740:in 'ActiveRecord::Migration.check_pending_migrations'
activerecord (8.1.3) lib/active_record/migration.rb:660:in 'block (2 levels) in ActiveRecord::Migration::CheckPending#call'
activesupport (8.1.3) lib/active_support/file_update_checker.rb:88:in 'ActiveSupport::FileUpdateChecker#execute'
activerecord (8.1.3) lib/active_record/migration.rb:665:in 'block in ActiveRecord::Migration::CheckPending#call'
activerecord (8.1.3) lib/active_record/migration.rb:657:in 'Thread::Mutex#synchronize'
activerecord (8.1.3) lib/active_record/migration.rb:657:in 'ActiveRecord::Migration::CheckPending#call'
actionpack (8.1.3) lib/action_dispatch/middleware/callbacks.rb:31:in 'block in ActionDispatch::Callbacks#call'
activesupport (8.1.3) lib/active_support/callbacks.rb:101:in 'ActiveSupport::Callbacks#run_callbacks'
actionpack (8.1.3) lib/action_dispatch/middleware/callbacks.rb:30:in 'ActionDispatch::Callbacks#call'
actionpack (8.1.3) lib/action_dispatch/middleware/executor.rb:20:in 'ActionDispatch::Executor#call'
actionpack (8.1.3) lib/action_dispatch/middleware/actionable_exceptions.rb:18:in 'ActionDispatch::ActionableExceptions#call'
actionpack (8.1.3) lib/action_dispatch/middleware/debug_exceptions.rb:31:in 'ActionDispatch::DebugExceptions#call'
web-console (4.3.0) lib/web_console/middleware.rb:132:in 'WebConsole::Middleware#call_app'
web-console (4.3.0) lib/web_console/middleware.rb:19:in 'block in WebConsole::Middleware#call'
web-console (4.3.0) lib/web_console/middleware.rb:17:in 'Kernel#catch'
web-console (4.3.0) lib/web_console/middleware.rb:17:in 'WebConsole::Middleware#call'
actionpack (8.1.3) lib/action_dispatch/middleware/show_exceptions.rb:32:in 'ActionDispatch::ShowExceptions#call'
railties (8.1.3) lib/rails/rack/logger.rb:41:in 'Rails::Rack::Logger#call_app'
railties (8.1.3) lib/rails/rack/logger.rb:29:in 'Rails::Rack::Logger#call'
propshaft (1.3.2) lib/propshaft/quiet_assets.rb:11:in 'Propshaft::QuietAssets#call'
actionpack (8.1.3) lib/action_dispatch/middleware/remote_ip.rb:98:in 'ActionDispatch::RemoteIp#call'
actionpack (8.1.3) lib/action_dispatch/middleware/request_id.rb:34:in 'ActionDispatch::RequestId#call'
rack (3.2.6) lib/rack/method_override.rb:28:in 'Rack::MethodOverride#call'
rack (3.2.6) lib/rack/runtime.rb:24:in 'Rack::Runtime#call'
activesupport (8.1.3) lib/active_support/cache/strategy/local_cache_middleware.rb:30:in 'ActiveSupport::Cache::Strategy::LocalCache::Middleware#call'
actionpack (8.1.3) lib/action_dispatch/middleware/server_timing.rb:61:in 'block in ActionDispatch::ServerTiming#call'
actionpack (8.1.3) lib/action_dispatch/middleware/server_timing.rb:26:in 'ActionDispatch::ServerTiming::Subscriber#collect_events'
actionpack (8.1.3) lib/action_dispatch/middleware/server_timing.rb:60:in 'ActionDispatch::ServerTiming#call'
actionpack (8.1.3) lib/action_dispatch/middleware/executor.rb:20:in 'ActionDispatch::Executor#call'
propshaft (1.3.2) lib/propshaft/server.rb:37:in 'Propshaft::Server#call'
actionpack (8.1.3) lib/action_dispatch/middleware/static.rb:27:in 'ActionDispatch::Static#call'
rack (3.2.6) lib/rack/sendfile.rb:131:in 'Rack::Sendfile#call'
actionpack (8.1.3) lib/action_dispatch/middleware/host_authorization.rb:143:in 'ActionDispatch::HostAuthorization#call'
railties (8.1.3) lib/rails/engine.rb:534:in 'Rails::Engine#call'
puma (8.0.2) lib/puma/configuration.rb:305:in 'Puma::Configuration::ConfigMiddleware#call'
puma (8.0.2) lib/puma/response.rb:79:in 'block in Puma::Response#handle_request'
puma (8.0.2) lib/puma/thread_pool.rb:434:in 'Puma::ThreadPool#with_force_shutdown'
puma (8.0.2) lib/puma/response.rb:78:in 'Puma::Response#handle_request'
puma (8.0.2) lib/puma/server.rb:508:in 'Puma::Server#process_client'
puma (8.0.2) lib/puma/server.rb:263:in 'block in Puma::Server#run'
puma (8.0.2) lib/puma/thread_pool.rb:246:in 'block in Puma::ThreadPool#spawn_thread'
Started GET "/favicon.ico" for 172.19.0.1 at 2026-06-19 20:33:39 +0000
Cannot render console from 172.19.0.1! Allowed networks: 127.0.0.0/127.255.255.255, ::1, ::ffff:127.0.0.0/::ffff:127.255.255.255
  
ActiveRecord::ConnectionNotEstablished (connection to server on socket "/var/run/postgresql/.s.PGSQL.5432" failed: No such file or directory
	Is the server running locally and accepting connections on that socket?
connection to server on socket "/run/postgresql/.s.PGSQL.5432" failed: No such file or directory
	Is the server running locally and accepting connections on that socket?
connection to server on socket "/tmp/.s.PGSQL.5432" failed: No such file or directory
	Is the server running locally and accepting connections on that socket?
)
Caused by: PG::ConnectionBad (connection to server on socket "/var/run/postgresql/.s.PGSQL.5432" failed: No such file or directory
	Is the server running locally and accepting connections on that socket?
connection to server on socket "/run/postgresql/.s.PGSQL.5432" failed: No such file or directory
	Is the server running locally and accepting connections on that socket?
connection to server on socket "/tmp/.s.PGSQL.5432" failed: No such file or directory
	Is the server running locally and accepting connections on that socket?
)

Information for: ActiveRecord::ConnectionNotEstablished (connection to server on socket "/var/run/postgresql/.s.PGSQL.5432" failed: No such file or directory
	Is the server running locally and accepting connections on that socket?
connection to server on socket "/run/postgresql/.s.PGSQL.5432" failed: No such file or directory
	Is the server running locally and accepting connections on that socket?
connection to server on socket "/tmp/.s.PGSQL.5432" failed: No such file or directory
	Is the server running locally and accepting connections on that socket?
):
  
activerecord (8.1.3) lib/active_record/connection_adapters/postgresql_adapter.rb:69:in 'ActiveRecord::ConnectionAdapters::PostgreSQLAdapter.new_client'
activerecord (8.1.3) lib/active_record/connection_adapters/postgresql_adapter.rb:960:in 'ActiveRecord::ConnectionAdapters::PostgreSQLAdapter#connect'
activerecord (8.1.3) lib/active_record/connection_adapters/postgresql_adapter.rb:972:in 'ActiveRecord::ConnectionAdapters::PostgreSQLAdapter#reconnect'
activerecord (8.1.3) lib/active_record/connection_adapters/abstract_adapter.rb:719:in 'block (2 levels) in ActiveRecord::ConnectionAdapters::AbstractAdapter#reconnect!'
activerecord (8.1.3) lib/active_record/connection_adapters/abstract_adapter.rb:1290:in 'ActiveRecord::ConnectionAdapters::AbstractAdapter#attempt_configure_connection'
activerecord (8.1.3) lib/active_record/connection_adapters/abstract_adapter.rb:716:in 'block in ActiveRecord::ConnectionAdapters::AbstractAdapter#reconnect!'
activesupport (8.1.3) lib/active_support/concurrency/null_lock.rb:9:in 'ActiveSupport::Concurrency::NullLock#synchronize'
activerecord (8.1.3) lib/active_record/connection_adapters/abstract_adapter.rb:715:in 'ActiveRecord::ConnectionAdapters::AbstractAdapter#reconnect!'
activerecord (8.1.3) lib/active_record/connection_adapters/abstract_adapter.rb:830:in 'block in ActiveRecord::ConnectionAdapters::AbstractAdapter#verify!'
activesupport (8.1.3) lib/active_support/concurrency/null_lock.rb:9:in 'ActiveSupport::Concurrency::NullLock#synchronize'
activerecord (8.1.3) lib/active_record/connection_adapters/abstract_adapter.rb:817:in 'ActiveRecord::ConnectionAdapters::AbstractAdapter#verify!'
activerecord (8.1.3) lib/active_record/connection_adapters/abstract_adapter.rb:839:in 'ActiveRecord::ConnectionAdapters::AbstractAdapter#connect!'
activerecord (8.1.3) lib/active_record/connection_adapters/abstract_adapter.rb:1056:in 'block in ActiveRecord::ConnectionAdapters::AbstractAdapter#with_raw_connection'
activesupport (8.1.3) lib/active_support/concurrency/null_lock.rb:9:in 'ActiveSupport::Concurrency::NullLock#synchronize'
activerecord (8.1.3) lib/active_record/connection_adapters/abstract_adapter.rb:1055:in 'ActiveRecord::ConnectionAdapters::AbstractAdapter#with_raw_connection'
activerecord (8.1.3) lib/active_record/connection_adapters/postgresql/quoting.rb:128:in 'ActiveRecord::ConnectionAdapters::PostgreSQL::Quoting#quote_string'
activerecord (8.1.3) lib/active_record/connection_adapters/abstract/quoting.rb:75:in 'ActiveRecord::ConnectionAdapters::Quoting#quote'
activerecord (8.1.3) lib/active_record/connection_adapters/postgresql/quoting.rb:122:in 'ActiveRecord::ConnectionAdapters::PostgreSQL::Quoting#quote'
activerecord (8.1.3) lib/active_record/connection_adapters/postgresql/schema_statements.rb:1180:in 'ActiveRecord::ConnectionAdapters::PostgreSQL::SchemaStatements#quoted_scope'
activerecord (8.1.3) lib/active_record/connection_adapters/postgresql/schema_statements.rb:1157:in 'ActiveRecord::ConnectionAdapters::PostgreSQL::SchemaStatements#data_source_sql'
activerecord (8.1.3) lib/active_record/connection_adapters/abstract/schema_statements.rb:61:in 'ActiveRecord::ConnectionAdapters::SchemaStatements#table_exists?'
activerecord (8.1.3) lib/active_record/schema_migration.rb:55:in 'block in ActiveRecord::SchemaMigration#create_table'
activerecord (8.1.3) lib/active_record/connection_adapters/abstract/connection_pool.rb:463:in 'ActiveRecord::ConnectionAdapters::ConnectionPool#with_connection'
activerecord (8.1.3) lib/active_record/schema_migration.rb:54:in 'ActiveRecord::SchemaMigration#create_table'
activerecord (8.1.3) lib/active_record/migration.rb:1440:in 'ActiveRecord::Migrator#initialize'
activerecord (8.1.3) lib/active_record/migration.rb:1288:in 'ActiveRecord::MigrationContext#open'
activerecord (8.1.3) lib/active_record/migration.rb:763:in 'block (2 levels) in ActiveRecord::Migration.pending_migrations'
activerecord (8.1.3) lib/active_record/migration/pending_migration_connection.rb:8:in 'ActiveRecord::PendingMigrationConnection.with_temporary_pool'
activerecord (8.1.3) lib/active_record/migration.rb:762:in 'block in ActiveRecord::Migration.pending_migrations'
activerecord (8.1.3) lib/active_record/migration.rb:761:in 'Array#each'
activerecord (8.1.3) lib/active_record/migration.rb:761:in 'ActiveRecord::Migration.pending_migrations'
activerecord (8.1.3) lib/active_record/migration.rb:740:in 'ActiveRecord::Migration.check_pending_migrations'
activerecord (8.1.3) lib/active_record/migration.rb:660:in 'block (2 levels) in ActiveRecord::Migration::CheckPending#call'
activesupport (8.1.3) lib/active_support/file_update_checker.rb:88:in 'ActiveSupport::FileUpdateChecker#execute'
activerecord (8.1.3) lib/active_record/migration.rb:665:in 'block in ActiveRecord::Migration::CheckPending#call'
activerecord (8.1.3) lib/active_record/migration.rb:657:in 'Thread::Mutex#synchronize'
activerecord (8.1.3) lib/active_record/migration.rb:657:in 'ActiveRecord::Migration::CheckPending#call'
actionpack (8.1.3) lib/action_dispatch/middleware/callbacks.rb:31:in 'block in ActionDispatch::Callbacks#call'
activesupport (8.1.3) lib/active_support/callbacks.rb:101:in 'ActiveSupport::Callbacks#run_callbacks'
actionpack (8.1.3) lib/action_dispatch/middleware/callbacks.rb:30:in 'ActionDispatch::Callbacks#call'
actionpack (8.1.3) lib/action_dispatch/middleware/executor.rb:20:in 'ActionDispatch::Executor#call'
actionpack (8.1.3) lib/action_dispatch/middleware/actionable_exceptions.rb:18:in 'ActionDispatch::ActionableExceptions#call'
actionpack (8.1.3) lib/action_dispatch/middleware/debug_exceptions.rb:31:in 'ActionDispatch::DebugExceptions#call'
web-console (4.3.0) lib/web_console/middleware.rb:132:in 'WebConsole::Middleware#call_app'
web-console (4.3.0) lib/web_console/middleware.rb:19:in 'block in WebConsole::Middleware#call'
web-console (4.3.0) lib/web_console/middleware.rb:17:in 'Kernel#catch'
web-console (4.3.0) lib/web_console/middleware.rb:17:in 'WebConsole::Middleware#call'
actionpack (8.1.3) lib/action_dispatch/middleware/show_exceptions.rb:32:in 'ActionDispatch::ShowExceptions#call'
railties (8.1.3) lib/rails/rack/logger.rb:41:in 'Rails::Rack::Logger#call_app'
railties (8.1.3) lib/rails/rack/logger.rb:29:in 'Rails::Rack::Logger#call'
propshaft (1.3.2) lib/propshaft/quiet_assets.rb:11:in 'Propshaft::QuietAssets#call'
actionpack (8.1.3) lib/action_dispatch/middleware/remote_ip.rb:98:in 'ActionDispatch::RemoteIp#call'
actionpack (8.1.3) lib/action_dispatch/middleware/request_id.rb:34:in 'ActionDispatch::RequestId#call'
rack (3.2.6) lib/rack/method_override.rb:28:in 'Rack::MethodOverride#call'
rack (3.2.6) lib/rack/runtime.rb:24:in 'Rack::Runtime#call'
activesupport (8.1.3) lib/active_support/cache/strategy/local_cache_middleware.rb:30:in 'ActiveSupport::Cache::Strategy::LocalCache::Middleware#call'
actionpack (8.1.3) lib/action_dispatch/middleware/server_timing.rb:61:in 'block in ActionDispatch::ServerTiming#call'
actionpack (8.1.3) lib/action_dispatch/middleware/server_timing.rb:26:in 'ActionDispatch::ServerTiming::Subscriber#collect_events'
actionpack (8.1.3) lib/action_dispatch/middleware/server_timing.rb:60:in 'ActionDispatch::ServerTiming#call'
actionpack (8.1.3) lib/action_dispatch/middleware/executor.rb:20:in 'ActionDispatch::Executor#call'
propshaft (1.3.2) lib/propshaft/server.rb:37:in 'Propshaft::Server#call'
actionpack (8.1.3) lib/action_dispatch/middleware/static.rb:27:in 'ActionDispatch::Static#call'
rack (3.2.6) lib/rack/sendfile.rb:131:in 'Rack::Sendfile#call'
actionpack (8.1.3) lib/action_dispatch/middleware/host_authorization.rb:143:in 'ActionDispatch::HostAuthorization#call'
railties (8.1.3) lib/rails/engine.rb:534:in 'Rails::Engine#call'
puma (8.0.2) lib/puma/configuration.rb:305:in 'Puma::Configuration::ConfigMiddleware#call'
puma (8.0.2) lib/puma/response.rb:79:in 'block in Puma::Response#handle_request'
puma (8.0.2) lib/puma/thread_pool.rb:434:in 'Puma::ThreadPool#with_force_shutdown'
puma (8.0.2) lib/puma/response.rb:78:in 'Puma::Response#handle_request'
puma (8.0.2) lib/puma/server.rb:508:in 'Puma::Server#process_client'
puma (8.0.2) lib/puma/server.rb:263:in 'block in Puma::Server#run'
puma (8.0.2) lib/puma/thread_pool.rb:246:in 'block in Puma::ThreadPool#spawn_thread'

Information for cause: PG::ConnectionBad (connection to server on socket "/var/run/postgresql/.s.PGSQL.5432" failed: No such file or directory
	Is the server running locally and accepting connections on that socket?
connection to server on socket "/run/postgresql/.s.PGSQL.5432" failed: No such file or directory
	Is the server running locally and accepting connections on that socket?
connection to server on socket "/tmp/.s.PGSQL.5432" failed: No such file or directory
	Is the server running locally and accepting connections on that socket?
):
  
pg-1.6.3-x86_64 (linux) lib/pg/connection.rb:944:in 'PG::Connection.connect_start'
pg-1.6.3-x86_64 (linux) lib/pg/connection.rb:944:in 'PG::Connection.connect_to_hosts'
pg-1.6.3-x86_64 (linux) lib/pg/connection.rb:871:in 'PG::Connection.new'
pg-1.6.3-x86_64 (linux) lib/pg.rb:88:in 'PG.connect'
activerecord (8.1.3) lib/active_record/connection_adapters/postgresql_adapter.rb:58:in 'ActiveRecord::ConnectionAdapters::PostgreSQLAdapter.new_client'
activerecord (8.1.3) lib/active_record/connection_adapters/postgresql_adapter.rb:960:in 'ActiveRecord::ConnectionAdapters::PostgreSQLAdapter#connect'
activerecord (8.1.3) lib/active_record/connection_adapters/postgresql_adapter.rb:972:in 'ActiveRecord::ConnectionAdapters::PostgreSQLAdapter#reconnect'
activerecord (8.1.3) lib/active_record/connection_adapters/abstract_adapter.rb:719:in 'block (2 levels) in ActiveRecord::ConnectionAdapters::AbstractAdapter#reconnect!'
activerecord (8.1.3) lib/active_record/connection_adapters/abstract_adapter.rb:1290:in 'ActiveRecord::ConnectionAdapters::AbstractAdapter#attempt_configure_connection'
activerecord (8.1.3) lib/active_record/connection_adapters/abstract_adapter.rb:716:in 'block in ActiveRecord::ConnectionAdapters::AbstractAdapter#reconnect!'
activesupport (8.1.3) lib/active_support/concurrency/null_lock.rb:9:in 'ActiveSupport::Concurrency::NullLock#synchronize'
activerecord (8.1.3) lib/active_record/connection_adapters/abstract_adapter.rb:715:in 'ActiveRecord::ConnectionAdapters::AbstractAdapter#reconnect!'
activerecord (8.1.3) lib/active_record/connection_adapters/abstract_adapter.rb:830:in 'block in ActiveRecord::ConnectionAdapters::AbstractAdapter#verify!'
activesupport (8.1.3) lib/active_support/concurrency/null_lock.rb:9:in 'ActiveSupport::Concurrency::NullLock#synchronize'
activerecord (8.1.3) lib/active_record/connection_adapters/abstract_adapter.rb:817:in 'ActiveRecord::ConnectionAdapters::AbstractAdapter#verify!'
activerecord (8.1.3) lib/active_record/connection_adapters/abstract_adapter.rb:839:in 'ActiveRecord::ConnectionAdapters::AbstractAdapter#connect!'
activerecord (8.1.3) lib/active_record/connection_adapters/abstract_adapter.rb:1056:in 'block in ActiveRecord::ConnectionAdapters::AbstractAdapter#with_raw_connection'
activesupport (8.1.3) lib/active_support/concurrency/null_lock.rb:9:in 'ActiveSupport::Concurrency::NullLock#synchronize'
activerecord (8.1.3) lib/active_record/connection_adapters/abstract_adapter.rb:1055:in 'ActiveRecord::ConnectionAdapters::AbstractAdapter#with_raw_connection'
activerecord (8.1.3) lib/active_record/connection_adapters/postgresql/quoting.rb:128:in 'ActiveRecord::ConnectionAdapters::PostgreSQL::Quoting#quote_string'
activerecord (8.1.3) lib/active_record/connection_adapters/abstract/quoting.rb:75:in 'ActiveRecord::ConnectionAdapters::Quoting#quote'
activerecord (8.1.3) lib/active_record/connection_adapters/postgresql/quoting.rb:122:in 'ActiveRecord::ConnectionAdapters::PostgreSQL::Quoting#quote'
activerecord (8.1.3) lib/active_record/connection_adapters/postgresql/schema_statements.rb:1180:in 'ActiveRecord::ConnectionAdapters::PostgreSQL::SchemaStatements#quoted_scope'
activerecord (8.1.3) lib/active_record/connection_adapters/postgresql/schema_statements.rb:1157:in 'ActiveRecord::ConnectionAdapters::PostgreSQL::SchemaStatements#data_source_sql'
activerecord (8.1.3) lib/active_record/connection_adapters/abstract/schema_statements.rb:61:in 'ActiveRecord::ConnectionAdapters::SchemaStatements#table_exists?'
activerecord (8.1.3) lib/active_record/schema_migration.rb:55:in 'block in ActiveRecord::SchemaMigration#create_table'
activerecord (8.1.3) lib/active_record/connection_adapters/abstract/connection_pool.rb:463:in 'ActiveRecord::ConnectionAdapters::ConnectionPool#with_connection'
activerecord (8.1.3) lib/active_record/schema_migration.rb:54:in 'ActiveRecord::SchemaMigration#create_table'
activerecord (8.1.3) lib/active_record/migration.rb:1440:in 'ActiveRecord::Migrator#initialize'
activerecord (8.1.3) lib/active_record/migration.rb:1288:in 'ActiveRecord::MigrationContext#open'
activerecord (8.1.3) lib/active_record/migration.rb:763:in 'block (2 levels) in ActiveRecord::Migration.pending_migrations'
activerecord (8.1.3) lib/active_record/migration/pending_migration_connection.rb:8:in 'ActiveRecord::PendingMigrationConnection.with_temporary_pool'
activerecord (8.1.3) lib/active_record/migration.rb:762:in 'block in ActiveRecord::Migration.pending_migrations'
activerecord (8.1.3) lib/active_record/migration.rb:761:in 'Array#each'
activerecord (8.1.3) lib/active_record/migration.rb:761:in 'ActiveRecord::Migration.pending_migrations'
activerecord (8.1.3) lib/active_record/migration.rb:740:in 'ActiveRecord::Migration.check_pending_migrations'
activerecord (8.1.3) lib/active_record/migration.rb:660:in 'block (2 levels) in ActiveRecord::Migration::CheckPending#call'
activesupport (8.1.3) lib/active_support/file_update_checker.rb:88:in 'ActiveSupport::FileUpdateChecker#execute'
activerecord (8.1.3) lib/active_record/migration.rb:665:in 'block in ActiveRecord::Migration::CheckPending#call'
activerecord (8.1.3) lib/active_record/migration.rb:657:in 'Thread::Mutex#synchronize'
activerecord (8.1.3) lib/active_record/migration.rb:657:in 'ActiveRecord::Migration::CheckPending#call'
actionpack (8.1.3) lib/action_dispatch/middleware/callbacks.rb:31:in 'block in ActionDispatch::Callbacks#call'
activesupport (8.1.3) lib/active_support/callbacks.rb:101:in 'ActiveSupport::Callbacks#run_callbacks'
actionpack (8.1.3) lib/action_dispatch/middleware/callbacks.rb:30:in 'ActionDispatch::Callbacks#call'
actionpack (8.1.3) lib/action_dispatch/middleware/executor.rb:20:in 'ActionDispatch::Executor#call'
actionpack (8.1.3) lib/action_dispatch/middleware/actionable_exceptions.rb:18:in 'ActionDispatch::ActionableExceptions#call'
actionpack (8.1.3) lib/action_dispatch/middleware/debug_exceptions.rb:31:in 'ActionDispatch::DebugExceptions#call'
web-console (4.3.0) lib/web_console/middleware.rb:132:in 'WebConsole::Middleware#call_app'
web-console (4.3.0) lib/web_console/middleware.rb:19:in 'block in WebConsole::Middleware#call'
web-console (4.3.0) lib/web_console/middleware.rb:17:in 'Kernel#catch'
web-console (4.3.0) lib/web_console/middleware.rb:17:in 'WebConsole::Middleware#call'
actionpack (8.1.3) lib/action_dispatch/middleware/show_exceptions.rb:32:in 'ActionDispatch::ShowExceptions#call'
railties (8.1.3) lib/rails/rack/logger.rb:41:in 'Rails::Rack::Logger#call_app'
railties (8.1.3) lib/rails/rack/logger.rb:29:in 'Rails::Rack::Logger#call'
propshaft (1.3.2) lib/propshaft/quiet_assets.rb:11:in 'Propshaft::QuietAssets#call'
actionpack (8.1.3) lib/action_dispatch/middleware/remote_ip.rb:98:in 'ActionDispatch::RemoteIp#call'
actionpack (8.1.3) lib/action_dispatch/middleware/request_id.rb:34:in 'ActionDispatch::RequestId#call'
rack (3.2.6) lib/rack/method_override.rb:28:in 'Rack::MethodOverride#call'
rack (3.2.6) lib/rack/runtime.rb:24:in 'Rack::Runtime#call'
activesupport (8.1.3) lib/active_support/cache/strategy/local_cache_middleware.rb:30:in 'ActiveSupport::Cache::Strategy::LocalCache::Middleware#call'
actionpack (8.1.3) lib/action_dispatch/middleware/server_timing.rb:61:in 'block in ActionDispatch::ServerTiming#call'
actionpack (8.1.3) lib/action_dispatch/middleware/server_timing.rb:26:in 'ActionDispatch::ServerTiming::Subscriber#collect_events'
actionpack (8.1.3) lib/action_dispatch/middleware/server_timing.rb:60:in 'ActionDispatch::ServerTiming#call'
actionpack (8.1.3) lib/action_dispatch/middleware/executor.rb:20:in 'ActionDispatch::Executor#call'
propshaft (1.3.2) lib/propshaft/server.rb:37:in 'Propshaft::Server#call'
actionpack (8.1.3) lib/action_dispatch/middleware/static.rb:27:in 'ActionDispatch::Static#call'
rack (3.2.6) lib/rack/sendfile.rb:131:in 'Rack::Sendfile#call'
actionpack (8.1.3) lib/action_dispatch/middleware/host_authorization.rb:143:in 'ActionDispatch::HostAuthorization#call'
railties (8.1.3) lib/rails/engine.rb:534:in 'Rails::Engine#call'
puma (8.0.2) lib/puma/configuration.rb:305:in 'Puma::Configuration::ConfigMiddleware#call'
puma (8.0.2) lib/puma/response.rb:79:in 'block in Puma::Response#handle_request'
puma (8.0.2) lib/puma/thread_pool.rb:434:in 'Puma::ThreadPool#with_force_shutdown'
puma (8.0.2) lib/puma/response.rb:78:in 'Puma::Response#handle_request'
puma (8.0.2) lib/puma/server.rb:508:in 'Puma::Server#process_client'
puma (8.0.2) lib/puma/server.rb:263:in 'block in Puma::Server#run'
puma (8.0.2) lib/puma/thread_pool.rb:246:in 'block in Puma::ThreadPool#spawn_thread'
  [1m[35m (102.4ms)[0m  [1m[35mCREATE DATABASE "dummy_development" ENCODING = 'unicode' /*application='Dummy'*/[0m
  [1m[35m (102.5ms)[0m  [1m[35mCREATE DATABASE "dummy_development" ENCODING = 'unicode' /*application='Dummy'*/[0m
  [1m[35m (114.9ms)[0m  [1m[35mCREATE DATABASE "dummy_development" ENCODING = 'unicode' /*application='Dummy'*/[0m
  [1m[35mSQL (0.6ms)[0m  [1m[35mSET search_path TO public /*application='Dummy'*/[0m
  [1m[35m (179.5ms)[0m  [1m[35mCREATE DATABASE "dummy_development" ENCODING = 'unicode' /*application='Dummy'*/[0m
  [1m[35mSQL (0.1ms)[0m  [1m[35mSET search_path TO public /*application='Dummy'*/[0m
  [1m[35m (40.5ms)[0m  [1m[35mCREATE DATABASE "dummy_test" ENCODING = 'unicode' /*application='Dummy'*/[0m
Started GET "/" for 172.19.0.1 at 2026-06-19 20:42:46 +0000
Cannot render console from 172.19.0.1! Allowed networks: 127.0.0.0/127.255.255.255, ::1, ::ffff:127.0.0.0/::ffff:127.255.255.255
  [1m[35m (2.6ms)[0m  [1m[35mCREATE TABLE "schema_migrations" ("version" character varying NOT NULL PRIMARY KEY) /*application='Dummy'*/[0m
  [1m[35m (1.6ms)[0m  [1m[35mCREATE TABLE "ar_internal_metadata" ("key" character varying NOT NULL PRIMARY KEY, "value" character varying, "created_at" timestamp(6) NOT NULL, "updated_at" timestamp(6) NOT NULL) /*application='Dummy'*/[0m
  [1m[36mActiveRecord::SchemaMigration Load (0.6ms)[0m  [1m[34mSELECT "schema_migrations"."version" FROM "schema_migrations" ORDER BY "schema_migrations"."version" ASC /*application='Dummy'*/[0m
Processing by Rails::WelcomeController#index as HTML
  Rendering /usr/local/bundle/gems/railties-8.1.3/libtemplates/rails/welcome/index.html.erb
  Rendered /usr/local/bundle/gems/railties-8.1.3/libtemplates/rails/welcome/index.html.erb (Duration: 0.7ms | GC: 0.0ms)
Completed 200 OK in 10ms (Views: 3.2ms | ActiveRecord: 0.0ms (0 queries, 0 cached) | GC: 0.0ms)


  [1m[35mSQL (0.2ms)[0m  [1m[35mSET search_path TO public /*application='Dummy'*/[0m
  [1m[35m (101.6ms)[0m  [1m[35mCREATE DATABASE "dummy_development" ENCODING = 'unicode' /*application='Dummy'*/[0m
  [1m[35mSQL (0.3ms)[0m  [1m[35mSET search_path TO public /*application='Dummy'*/[0m
  [1m[35m (52.4ms)[0m  [1m[35mCREATE DATABASE "dummy_test" ENCODING = 'unicode' /*application='Dummy'*/[0m
Started GET "/up" for 127.0.0.1 at 2026-07-04 16:50:19 +0000
  [1m[35m (5.2ms)[0m  [1m[35mCREATE TABLE "schema_migrations" ("version" character varying NOT NULL PRIMARY KEY) /*application='Dummy'*/[0m
  [1m[35m (1.9ms)[0m  [1m[35mCREATE TABLE "ar_internal_metadata" ("key" character varying NOT NULL PRIMARY KEY, "value" character varying, "created_at" timestamp(6) NOT NULL, "updated_at" timestamp(6) NOT NULL) /*application='Dummy'*/[0m
  [1m[36mActiveRecord::SchemaMigration Load (0.6ms)[0m  [1m[34mSELECT "schema_migrations"."version" FROM "schema_migrations" ORDER BY "schema_migrations"."version" ASC /*application='Dummy'*/[0m
Processing by Rails::HealthController#show as */*
  Rendering html template
  Rendered html template (Duration: 0.0ms | GC: 0.0ms)
Completed 200 OK in 12ms (Views: 7.1ms | ActiveRecord: 0.0ms (0 queries, 0 cached) | GC: 0.0ms)


Started GET "/up" for 127.0.0.1 at 2026-07-04 16:50:30 +0000
Processing by Rails::HealthController#show as */*
  Rendering html template
  Rendered html template (Duration: 0.0ms | GC: 0.0ms)
Completed 200 OK in 1ms (Views: 0.3ms | ActiveRecord: 0.0ms (0 queries, 0 cached) | GC: 0.0ms)


Started GET "/up" for 127.0.0.1 at 2026-07-04 16:50:40 +0000
Processing by Rails::HealthController#show as */*
  Rendering html template
  Rendered html template (Duration: 0.0ms | GC: 0.0ms)
Completed 200 OK in 1ms (Views: 0.3ms | ActiveRecord: 0.0ms (0 queries, 0 cached) | GC: 0.0ms)


Started GET "/up" for 127.0.0.1 at 2026-07-04 16:50:50 +0000
Processing by Rails::HealthController#show as */*
  Rendering html template
  Rendered html template (Duration: 0.0ms | GC: 0.0ms)
Completed 200 OK in 1ms (Views: 0.7ms | ActiveRecord: 0.0ms (0 queries, 0 cached) | GC: 0.0ms)


Started GET "/up" for 127.0.0.1 at 2026-07-04 16:51:00 +0000
Processing by Rails::HealthController#show as */*
  Rendering html template
  Rendered html template (Duration: 0.0ms | GC: 0.0ms)
Completed 200 OK in 1ms (Views: 0.3ms | ActiveRecord: 0.0ms (0 queries, 0 cached) | GC: 0.0ms)


Started GET "/up" for 127.0.0.1 at 2026-07-04 16:51:10 +0000
Processing by Rails::HealthController#show as */*
  Rendering html template
  Rendered html template (Duration: 0.0ms | GC: 0.0ms)
Completed 200 OK in 1ms (Views: 0.3ms | ActiveRecord: 0.0ms (0 queries, 0 cached) | GC: 0.0ms)


Started GET "/up" for 127.0.0.1 at 2026-07-04 16:51:20 +0000
Processing by Rails::HealthController#show as */*
  Rendering html template
  Rendered html template (Duration: 0.0ms | GC: 0.0ms)
Completed 200 OK in 1ms (Views: 0.5ms | ActiveRecord: 0.0ms (0 queries, 0 cached) | GC: 0.0ms)


Started GET "/up" for 127.0.0.1 at 2026-07-04 16:51:30 +0000
Processing by Rails::HealthController#show as */*
  Rendering html template
  Rendered html template (Duration: 0.0ms | GC: 0.0ms)
Completed 200 OK in 1ms (Views: 0.4ms | ActiveRecord: 0.0ms (0 queries, 0 cached) | GC: 0.0ms)


Started GET "/up" for 127.0.0.1 at 2026-07-04 16:51:40 +0000
Processing by Rails::HealthController#show as */*
  Rendering html template
  Rendered html template (Duration: 0.0ms | GC: 0.0ms)
Completed 200 OK in 1ms (Views: 0.4ms | ActiveRecord: 0.0ms (0 queries, 0 cached) | GC: 0.0ms)


Started GET "/up" for 127.0.0.1 at 2026-07-04 16:51:50 +0000
Processing by Rails::HealthController#show as */*
  Rendering html template
  Rendered html template (Duration: 0.1ms | GC: 0.0ms)
Completed 200 OK in 1ms (Views: 0.5ms | ActiveRecord: 0.0ms (0 queries, 0 cached) | GC: 0.0ms)


Started GET "/up" for 127.0.0.1 at 2026-07-04 16:52:00 +0000
Processing by Rails::HealthController#show as */*
  Rendering html template
  Rendered html template (Duration: 0.0ms | GC: 0.0ms)
Completed 200 OK in 1ms (Views: 0.4ms | ActiveRecord: 0.0ms (0 queries, 0 cached) | GC: 0.0ms)


Started GET "/up" for 127.0.0.1 at 2026-07-04 16:52:10 +0000
Processing by Rails::HealthController#show as */*
  Rendering html template
  Rendered html template (Duration: 0.0ms | GC: 0.0ms)
Completed 200 OK in 1ms (Views: 0.3ms | ActiveRecord: 0.0ms (0 queries, 0 cached) | GC: 0.0ms)


Started GET "/up" for 127.0.0.1 at 2026-07-04 16:52:20 +0000
Processing by Rails::HealthController#show as */*
  Rendering html template
  Rendered html template (Duration: 0.0ms | GC: 0.0ms)
Completed 200 OK in 1ms (Views: 0.3ms | ActiveRecord: 0.0ms (0 queries, 0 cached) | GC: 0.0ms)


Started GET "/up" for 127.0.0.1 at 2026-07-04 16:52:30 +0000
Processing by Rails::HealthController#show as */*
  Rendering html template
  Rendered html template (Duration: 0.0ms | GC: 0.0ms)
Completed 200 OK in 1ms (Views: 0.7ms | ActiveRecord: 0.0ms (0 queries, 0 cached) | GC: 0.0ms)


Started GET "/up" for 127.0.0.1 at 2026-07-04 16:52:40 +0000
Processing by Rails::HealthController#show as */*
  Rendering html template
  Rendered html template (Duration: 0.0ms | GC: 0.0ms)
Completed 200 OK in 1ms (Views: 0.3ms | ActiveRecord: 0.0ms (0 queries, 0 cached) | GC: 0.0ms)


Started GET "/up" for 127.0.0.1 at 2026-07-04 16:52:50 +0000
Processing by Rails::HealthController#show as */*
  Rendering html template
  Rendered html template (Duration: 0.0ms | GC: 0.0ms)
Completed 200 OK in 1ms (Views: 0.3ms | ActiveRecord: 0.0ms (0 queries, 0 cached) | GC: 0.0ms)


Started GET "/up" for 127.0.0.1 at 2026-07-04 16:53:00 +0000
Processing by Rails::HealthController#show as */*
  Rendering html template
  Rendered html template (Duration: 0.0ms | GC: 0.0ms)
Completed 200 OK in 1ms (Views: 0.3ms | ActiveRecord: 0.0ms (0 queries, 0 cached) | GC: 0.0ms)


Started GET "/up" for 127.0.0.1 at 2026-07-04 16:53:11 +0000
Processing by Rails::HealthController#show as */*
  Rendering html template
  Rendered html template (Duration: 0.0ms | GC: 0.0ms)
Completed 200 OK in 1ms (Views: 0.4ms | ActiveRecord: 0.0ms (0 queries, 0 cached) | GC: 0.0ms)


Started GET "/up" for 127.0.0.1 at 2026-07-04 16:53:21 +0000
Processing by Rails::HealthController#show as */*
  Rendering html template
  Rendered html template (Duration: 0.0ms | GC: 0.0ms)
Completed 200 OK in 1ms (Views: 0.3ms | ActiveRecord: 0.0ms (0 queries, 0 cached) | GC: 0.0ms)


Started GET "/up" for 127.0.0.1 at 2026-07-04 16:53:31 +0000
Processing by Rails::HealthController#show as */*
  Rendering html template
  Rendered html template (Duration: 0.0ms | GC: 0.0ms)
Completed 200 OK in 1ms (Views: 0.4ms | ActiveRecord: 0.0ms (0 queries, 0 cached) | GC: 0.0ms)


Started GET "/up" for 127.0.0.1 at 2026-07-04 16:53:41 +0000
Processing by Rails::HealthController#show as */*
  Rendering html template
  Rendered html template (Duration: 0.0ms | GC: 0.0ms)
Completed 200 OK in 1ms (Views: 0.7ms | ActiveRecord: 0.0ms (0 queries, 0 cached) | GC: 0.0ms)


Started GET "/up" for 127.0.0.1 at 2026-07-04 16:53:51 +0000
Processing by Rails::HealthController#show as */*
  Rendering html template
  Rendered html template (Duration: 0.0ms | GC: 0.0ms)
Completed 200 OK in 2ms (Views: 0.9ms | ActiveRecord: 0.0ms (0 queries, 0 cached) | GC: 0.0ms)


Started GET "/up" for 127.0.0.1 at 2026-07-04 16:54:01 +0000
Processing by Rails::HealthController#show as */*
  Rendering html template
  Rendered html template (Duration: 0.0ms | GC: 0.0ms)
Completed 200 OK in 1ms (Views: 0.4ms | ActiveRecord: 0.0ms (0 queries, 0 cached) | GC: 0.0ms)


Started GET "/up" for 127.0.0.1 at 2026-07-04 16:54:11 +0000
Processing by Rails::HealthController#show as */*
  Rendering html template
  Rendered html template (Duration: 0.0ms | GC: 0.0ms)
Completed 200 OK in 1ms (Views: 0.5ms | ActiveRecord: 0.0ms (0 queries, 0 cached) | GC: 0.0ms)


Started GET "/up" for 127.0.0.1 at 2026-07-04 16:54:21 +0000
Processing by Rails::HealthController#show as */*
  Rendering html template
  Rendered html template (Duration: 0.0ms | GC: 0.0ms)
Completed 200 OK in 1ms (Views: 0.4ms | ActiveRecord: 0.0ms (0 queries, 0 cached) | GC: 0.0ms)


Started GET "/up" for 127.0.0.1 at 2026-07-04 16:54:31 +0000
Processing by Rails::HealthController#show as */*
  Rendering html template
  Rendered html template (Duration: 0.0ms | GC: 0.0ms)
Completed 200 OK in 1ms (Views: 0.3ms | ActiveRecord: 0.0ms (0 queries, 0 cached) | GC: 0.0ms)


Started GET "/up" for 127.0.0.1 at 2026-07-04 16:54:41 +0000
Processing by Rails::HealthController#show as */*
  Rendering html template
  Rendered html template (Duration: 0.0ms | GC: 0.0ms)
Completed 200 OK in 1ms (Views: 0.3ms | ActiveRecord: 0.0ms (0 queries, 0 cached) | GC: 0.0ms)


Started GET "/up" for 127.0.0.1 at 2026-07-04 16:54:51 +0000
Processing by Rails::HealthController#show as */*
  Rendering html template
  Rendered html template (Duration: 0.0ms | GC: 0.0ms)
Completed 200 OK in 2ms (Views: 0.8ms | ActiveRecord: 0.0ms (0 queries, 0 cached) | GC: 0.0ms)


Started GET "/up" for 127.0.0.1 at 2026-07-04 16:55:01 +0000
Processing by Rails::HealthController#show as */*
  Rendering html template
  Rendered html template (Duration: 0.0ms | GC: 0.0ms)
Completed 200 OK in 1ms (Views: 0.4ms | ActiveRecord: 0.0ms (0 queries, 0 cached) | GC: 0.0ms)


Started GET "/up" for 127.0.0.1 at 2026-07-04 16:55:11 +0000
Processing by Rails::HealthController#show as */*
  Rendering html template
  Rendered html template (Duration: 0.0ms | GC: 0.0ms)
Completed 200 OK in 1ms (Views: 0.4ms | ActiveRecord: 0.0ms (0 queries, 0 cached) | GC: 0.0ms)


Started GET "/up" for 127.0.0.1 at 2026-07-04 16:55:21 +0000
Processing by Rails::HealthController#show as */*
  Rendering html template
  Rendered html template (Duration: 0.0ms | GC: 0.0ms)
Completed 200 OK in 1ms (Views: 0.3ms | ActiveRecord: 0.0ms (0 queries, 0 cached) | GC: 0.0ms)


Started GET "/up" for 127.0.0.1 at 2026-07-04 16:55:31 +0000
Processing by Rails::HealthController#show as */*
  Rendering html template
  Rendered html template (Duration: 0.0ms | GC: 0.0ms)
Completed 200 OK in 1ms (Views: 0.3ms | ActiveRecord: 0.0ms (0 queries, 0 cached) | GC: 0.0ms)


Started GET "/up" for 127.0.0.1 at 2026-07-04 16:55:41 +0000
Processing by Rails::HealthController#show as */*
  Rendering html template
  Rendered html template (Duration: 0.0ms | GC: 0.0ms)
Completed 200 OK in 1ms (Views: 0.3ms | ActiveRecord: 0.0ms (0 queries, 0 cached) | GC: 0.0ms)


Started GET "/up" for 127.0.0.1 at 2026-07-04 16:55:51 +0000
Processing by Rails::HealthController#show as */*
  Rendering html template
  Rendered html template (Duration: 0.0ms | GC: 0.0ms)
Completed 200 OK in 1ms (Views: 0.3ms | ActiveRecord: 0.0ms (0 queries, 0 cached) | GC: 0.0ms)


Started GET "/up" for 127.0.0.1 at 2026-07-04 16:56:01 +0000
Processing by Rails::HealthController#show as */*
  Rendering html template
  Rendered html template (Duration: 0.0ms | GC: 0.0ms)
Completed 200 OK in 1ms (Views: 0.4ms | ActiveRecord: 0.0ms (0 queries, 0 cached) | GC: 0.0ms)


Started GET "/up" for 127.0.0.1 at 2026-07-04 16:56:12 +0000
Processing by Rails::HealthController#show as */*
  Rendering html template
  Rendered html template (Duration: 0.0ms | GC: 0.0ms)
Completed 200 OK in 1ms (Views: 0.2ms | ActiveRecord: 0.0ms (0 queries, 0 cached) | GC: 0.0ms)


Started GET "/up" for 127.0.0.1 at 2026-07-04 16:56:22 +0000
Processing by Rails::HealthController#show as */*
  Rendering html template
  Rendered html template (Duration: 0.0ms | GC: 0.0ms)
Completed 200 OK in 1ms (Views: 0.4ms | ActiveRecord: 0.0ms (0 queries, 0 cached) | GC: 0.0ms)


Started GET "/up" for 127.0.0.1 at 2026-07-04 16:56:32 +0000
Processing by Rails::HealthController#show as */*
  Rendering html template
  Rendered html template (Duration: 0.0ms | GC: 0.0ms)
Completed 200 OK in 1ms (Views: 0.3ms | ActiveRecord: 0.0ms (0 queries, 0 cached) | GC: 0.0ms)


Started GET "/up" for 127.0.0.1 at 2026-07-04 16:56:42 +0000
Processing by Rails::HealthController#show as */*
  Rendering html template
  Rendered html template (Duration: 0.0ms | GC: 0.0ms)
Completed 200 OK in 1ms (Views: 0.3ms | ActiveRecord: 0.0ms (0 queries, 0 cached) | GC: 0.0ms)


Started GET "/up" for 127.0.0.1 at 2026-07-04 16:56:52 +0000
Processing by Rails::HealthController#show as */*
  Rendering html template
  Rendered html template (Duration: 0.0ms | GC: 0.0ms)
Completed 200 OK in 1ms (Views: 0.3ms | ActiveRecord: 0.0ms (0 queries, 0 cached) | GC: 0.0ms)


Started GET "/up" for 127.0.0.1 at 2026-07-04 16:57:02 +0000
Processing by Rails::HealthController#show as */*
  Rendering html template
  Rendered html template (Duration: 0.0ms | GC: 0.0ms)
Completed 200 OK in 1ms (Views: 0.3ms | ActiveRecord: 0.0ms (0 queries, 0 cached) | GC: 0.0ms)


Started GET "/up" for 127.0.0.1 at 2026-07-04 16:57:12 +0000
Processing by Rails::HealthController#show as */*
  Rendering html template
  Rendered html template (Duration: 0.0ms | GC: 0.0ms)
Completed 200 OK in 1ms (Views: 0.4ms | ActiveRecord: 0.0ms (0 queries, 0 cached) | GC: 0.0ms)


Started GET "/up" for 127.0.0.1 at 2026-07-04 16:57:22 +0000
Processing by Rails::HealthController#show as */*
  Rendering html template
  Rendered html template (Duration: 0.0ms | GC: 0.0ms)
Completed 200 OK in 1ms (Views: 0.5ms | ActiveRecord: 0.0ms (0 queries, 0 cached) | GC: 0.0ms)


Started GET "/up" for 127.0.0.1 at 2026-07-04 16:57:32 +0000
Processing by Rails::HealthController#show as */*
  Rendering html template
  Rendered html template (Duration: 0.0ms | GC: 0.0ms)
Completed 200 OK in 1ms (Views: 0.3ms | ActiveRecord: 0.0ms (0 queries, 0 cached) | GC: 0.0ms)


Started GET "/up" for 127.0.0.1 at 2026-07-04 16:57:42 +0000
Processing by Rails::HealthController#show as */*
  Rendering html template
  Rendered html template (Duration: 0.0ms | GC: 0.0ms)
Completed 200 OK in 1ms (Views: 0.4ms | ActiveRecord: 0.0ms (0 queries, 0 cached) | GC: 0.0ms)


Started GET "/up" for 127.0.0.1 at 2026-07-04 16:57:52 +0000
Processing by Rails::HealthController#show as */*
  Rendering html template
  Rendered html template (Duration: 0.0ms | GC: 0.0ms)
Completed 200 OK in 1ms (Views: 0.3ms | ActiveRecord: 0.0ms (0 queries, 0 cached) | GC: 0.0ms)


Started GET "/up" for 127.0.0.1 at 2026-07-04 16:58:02 +0000
Processing by Rails::HealthController#show as */*
  Rendering html template
  Rendered html template (Duration: 0.0ms | GC: 0.0ms)
Completed 200 OK in 2ms (Views: 1.0ms | ActiveRecord: 0.0ms (0 queries, 0 cached) | GC: 0.0ms)


Started GET "/up" for 127.0.0.1 at 2026-07-04 16:58:12 +0000
Processing by Rails::HealthController#show as */*
  Rendering html template
  Rendered html template (Duration: 0.0ms | GC: 0.0ms)
Completed 200 OK in 2ms (Views: 1.0ms | ActiveRecord: 0.0ms (0 queries, 0 cached) | GC: 0.0ms)


Started GET "/up" for 127.0.0.1 at 2026-07-04 16:58:22 +0000
Processing by Rails::HealthController#show as */*
  Rendering html template
  Rendered html template (Duration: 0.0ms | GC: 0.0ms)
Completed 200 OK in 1ms (Views: 0.9ms | ActiveRecord: 0.0ms (0 queries, 0 cached) | GC: 0.0ms)


Started GET "/up" for 127.0.0.1 at 2026-07-04 16:58:32 +0000
Processing by Rails::HealthController#show as */*
  Rendering html template
  Rendered html template (Duration: 0.0ms | GC: 0.0ms)
Completed 200 OK in 1ms (Views: 0.4ms | ActiveRecord: 0.0ms (0 queries, 0 cached) | GC: 0.0ms)


Started GET "/up" for 127.0.0.1 at 2026-07-04 16:58:42 +0000
Processing by Rails::HealthController#show as */*
  Rendering html template
  Rendered html template (Duration: 0.0ms | GC: 0.0ms)
Completed 200 OK in 1ms (Views: 0.3ms | ActiveRecord: 0.0ms (0 queries, 0 cached) | GC: 0.0ms)


Started GET "/up" for 127.0.0.1 at 2026-07-04 16:58:52 +0000
Processing by Rails::HealthController#show as */*
  Rendering html template
  Rendered html template (Duration: 0.0ms | GC: 0.0ms)
Completed 200 OK in 1ms (Views: 0.6ms | ActiveRecord: 0.0ms (0 queries, 0 cached) | GC: 0.0ms)


Started GET "/up" for 127.0.0.1 at 2026-07-04 16:59:02 +0000
Processing by Rails::HealthController#show as */*
  Rendering html template
  Rendered html template (Duration: 0.0ms | GC: 0.0ms)
Completed 200 OK in 1ms (Views: 0.5ms | ActiveRecord: 0.0ms (0 queries, 0 cached) | GC: 0.0ms)


Started GET "/up" for 127.0.0.1 at 2026-07-04 16:59:13 +0000
Processing by Rails::HealthController#show as */*
  Rendering html template
  Rendered html template (Duration: 0.0ms | GC: 0.0ms)
Completed 200 OK in 1ms (Views: 0.4ms | ActiveRecord: 0.0ms (0 queries, 0 cached) | GC: 0.0ms)


Started GET "/up" for 127.0.0.1 at 2026-07-04 16:59:23 +0000
Processing by Rails::HealthController#show as */*
  Rendering html template
  Rendered html template (Duration: 0.0ms | GC: 0.0ms)
Completed 200 OK in 3ms (Views: 2.4ms | ActiveRecord: 0.0ms (0 queries, 0 cached) | GC: 0.0ms)


Started GET "/up" for 127.0.0.1 at 2026-07-04 16:59:33 +0000
Processing by Rails::HealthController#show as */*
  Rendering html template
  Rendered html template (Duration: 0.0ms | GC: 0.0ms)
Completed 200 OK in 1ms (Views: 0.5ms | ActiveRecord: 0.0ms (0 queries, 0 cached) | GC: 0.0ms)


Started GET "/up" for 127.0.0.1 at 2026-07-04 16:59:43 +0000
Processing by Rails::HealthController#show as */*
  Rendering html template
  Rendered html template (Duration: 0.0ms | GC: 0.0ms)
Completed 200 OK in 1ms (Views: 0.3ms | ActiveRecord: 0.0ms (0 queries, 0 cached) | GC: 0.0ms)


Started GET "/up" for 127.0.0.1 at 2026-07-04 16:59:53 +0000
Processing by Rails::HealthController#show as */*
  Rendering html template
  Rendered html template (Duration: 0.0ms | GC: 0.0ms)
Completed 200 OK in 1ms (Views: 0.3ms | ActiveRecord: 0.0ms (0 queries, 0 cached) | GC: 0.0ms)


Started GET "/up" for 127.0.0.1 at 2026-07-04 17:00:03 +0000
Processing by Rails::HealthController#show as */*
  Rendering html template
  Rendered html template (Duration: 0.0ms | GC: 0.0ms)
Completed 200 OK in 1ms (Views: 0.5ms | ActiveRecord: 0.0ms (0 queries, 0 cached) | GC: 0.0ms)


Started GET "/up" for 127.0.0.1 at 2026-07-04 17:00:13 +0000
Processing by Rails::HealthController#show as */*
  Rendering html template
  Rendered html template (Duration: 0.0ms | GC: 0.0ms)
Completed 200 OK in 1ms (Views: 0.6ms | ActiveRecord: 0.0ms (0 queries, 0 cached) | GC: 0.0ms)


Started GET "/up" for 127.0.0.1 at 2026-07-04 17:00:23 +0000
Processing by Rails::HealthController#show as */*
  Rendering html template
  Rendered html template (Duration: 0.1ms | GC: 0.0ms)
Completed 200 OK in 1ms (Views: 0.3ms | ActiveRecord: 0.0ms (0 queries, 0 cached) | GC: 0.0ms)


Started GET "/up" for 127.0.0.1 at 2026-07-04 17:00:33 +0000
Processing by Rails::HealthController#show as */*
  Rendering html template
  Rendered html template (Duration: 0.0ms | GC: 0.0ms)
Completed 200 OK in 1ms (Views: 0.3ms | ActiveRecord: 0.0ms (0 queries, 0 cached) | GC: 0.0ms)


Started GET "/up" for 127.0.0.1 at 2026-07-04 17:00:43 +0000
Processing by Rails::HealthController#show as */*
  Rendering html template
  Rendered html template (Duration: 0.0ms | GC: 0.0ms)
Completed 200 OK in 1ms (Views: 0.3ms | ActiveRecord: 0.0ms (0 queries, 0 cached) | GC: 0.0ms)


Started GET "/up" for 127.0.0.1 at 2026-07-04 17:00:53 +0000
Processing by Rails::HealthController#show as */*
  Rendering html template
  Rendered html template (Duration: 0.0ms | GC: 0.0ms)
Completed 200 OK in 1ms (Views: 0.4ms | ActiveRecord: 0.0ms (0 queries, 0 cached) | GC: 0.0ms)


Started GET "/up" for 127.0.0.1 at 2026-07-04 17:01:03 +0000
Processing by Rails::HealthController#show as */*
  Rendering html template
  Rendered html template (Duration: 0.0ms | GC: 0.0ms)
Completed 200 OK in 1ms (Views: 0.3ms | ActiveRecord: 0.0ms (0 queries, 0 cached) | GC: 0.0ms)


Started GET "/up" for 127.0.0.1 at 2026-07-04 17:01:13 +0000
Processing by Rails::HealthController#show as */*
  Rendering html template
  Rendered html template (Duration: 0.0ms | GC: 0.0ms)
Completed 200 OK in 1ms (Views: 0.4ms | ActiveRecord: 0.0ms (0 queries, 0 cached) | GC: 0.0ms)


Started GET "/up" for 127.0.0.1 at 2026-07-04 17:01:23 +0000
Processing by Rails::HealthController#show as */*
  Rendering html template
  Rendered html template (Duration: 0.0ms | GC: 0.0ms)
Completed 200 OK in 1ms (Views: 0.3ms | ActiveRecord: 0.0ms (0 queries, 0 cached) | GC: 0.0ms)


Started GET "/up" for 127.0.0.1 at 2026-07-04 17:01:33 +0000
Processing by Rails::HealthController#show as */*
  Rendering html template
  Rendered html template (Duration: 0.0ms | GC: 0.0ms)
Completed 200 OK in 1ms (Views: 0.3ms | ActiveRecord: 0.0ms (0 queries, 0 cached) | GC: 0.0ms)


Started GET "/up" for 127.0.0.1 at 2026-07-04 17:01:43 +0000
Processing by Rails::HealthController#show as */*
  Rendering html template
  Rendered html template (Duration: 0.0ms | GC: 0.0ms)
Completed 200 OK in 1ms (Views: 0.4ms | ActiveRecord: 0.0ms (0 queries, 0 cached) | GC: 0.0ms)


Started GET "/up" for 127.0.0.1 at 2026-07-04 17:01:53 +0000
Processing by Rails::HealthController#show as */*
  Rendering html template
  Rendered html template (Duration: 0.0ms | GC: 0.0ms)
Completed 200 OK in 1ms (Views: 0.3ms | ActiveRecord: 0.0ms (0 queries, 0 cached) | GC: 0.0ms)


Started GET "/up" for 127.0.0.1 at 2026-07-04 17:02:03 +0000
Processing by Rails::HealthController#show as */*
  Rendering html template
  Rendered html template (Duration: 0.0ms | GC: 0.0ms)
Completed 200 OK in 1ms (Views: 0.3ms | ActiveRecord: 0.0ms (0 queries, 0 cached) | GC: 0.0ms)


Started GET "/up" for 127.0.0.1 at 2026-07-04 17:02:14 +0000
Processing by Rails::HealthController#show as */*
  Rendering html template
  Rendered html template (Duration: 0.0ms | GC: 0.0ms)
Completed 200 OK in 1ms (Views: 0.5ms | ActiveRecord: 0.0ms (0 queries, 0 cached) | GC: 0.0ms)


Started GET "/up" for 127.0.0.1 at 2026-07-04 17:02:24 +0000
Processing by Rails::HealthController#show as */*
  Rendering html template
  Rendered html template (Duration: 0.0ms | GC: 0.0ms)
Completed 200 OK in 1ms (Views: 0.3ms | ActiveRecord: 0.0ms (0 queries, 0 cached) | GC: 0.0ms)


Started GET "/up" for 127.0.0.1 at 2026-07-04 17:02:34 +0000
Processing by Rails::HealthController#show as */*
  Rendering html template
  Rendered html template (Duration: 0.0ms | GC: 0.0ms)
Completed 200 OK in 1ms (Views: 0.3ms | ActiveRecord: 0.0ms (0 queries, 0 cached) | GC: 0.0ms)


Started GET "/up" for 127.0.0.1 at 2026-07-04 17:02:44 +0000
Processing by Rails::HealthController#show as */*
  Rendering html template
  Rendered html template (Duration: 0.0ms | GC: 0.0ms)
Completed 200 OK in 1ms (Views: 0.3ms | ActiveRecord: 0.0ms (0 queries, 0 cached) | GC: 0.0ms)


Started GET "/up" for 127.0.0.1 at 2026-07-04 17:02:54 +0000
Processing by Rails::HealthController#show as */*
  Rendering html template
  Rendered html template (Duration: 0.0ms | GC: 0.0ms)
Completed 200 OK in 1ms (Views: 0.3ms | ActiveRecord: 0.0ms (0 queries, 0 cached) | GC: 0.0ms)


Started GET "/up" for 127.0.0.1 at 2026-07-04 17:03:04 +0000
Processing by Rails::HealthController#show as */*
  Rendering html template
  Rendered html template (Duration: 0.0ms | GC: 0.0ms)
Completed 200 OK in 1ms (Views: 0.3ms | ActiveRecord: 0.0ms (0 queries, 0 cached) | GC: 0.0ms)


Started GET "/up" for 127.0.0.1 at 2026-07-04 17:03:14 +0000
Processing by Rails::HealthController#show as */*
  Rendering html template
  Rendered html template (Duration: 0.0ms | GC: 0.0ms)
Completed 200 OK in 1ms (Views: 0.3ms | ActiveRecord: 0.0ms (0 queries, 0 cached) | GC: 0.0ms)


Started GET "/up" for 127.0.0.1 at 2026-07-04 17:03:24 +0000
Processing by Rails::HealthController#show as */*
  Rendering html template
  Rendered html template (Duration: 0.0ms | GC: 0.0ms)
Completed 200 OK in 1ms (Views: 0.3ms | ActiveRecord: 0.0ms (0 queries, 0 cached) | GC: 0.0ms)


Started GET "/up" for 127.0.0.1 at 2026-07-04 17:03:34 +0000
Processing by Rails::HealthController#show as */*
  Rendering html template
  Rendered html template (Duration: 0.0ms | GC: 0.0ms)
Completed 200 OK in 1ms (Views: 0.3ms | ActiveRecord: 0.0ms (0 queries, 0 cached) | GC: 0.0ms)


Started GET "/up" for 127.0.0.1 at 2026-07-04 17:03:44 +0000
Processing by Rails::HealthController#show as */*
  Rendering html template
  Rendered html template (Duration: 0.0ms | GC: 0.0ms)
Completed 200 OK in 2ms (Views: 0.9ms | ActiveRecord: 0.0ms (0 queries, 0 cached) | GC: 0.0ms)


Started GET "/up" for 127.0.0.1 at 2026-07-04 17:03:54 +0000
Processing by Rails::HealthController#show as */*
  Rendering html template
  Rendered html template (Duration: 0.0ms | GC: 0.0ms)
Completed 200 OK in 1ms (Views: 0.3ms | ActiveRecord: 0.0ms (0 queries, 0 cached) | GC: 0.0ms)


Started GET "/up" for 127.0.0.1 at 2026-07-04 17:04:04 +0000
Processing by Rails::HealthController#show as */*
  Rendering html template
  Rendered html template (Duration: 0.0ms | GC: 0.0ms)
Completed 200 OK in 1ms (Views: 0.5ms | ActiveRecord: 0.0ms (0 queries, 0 cached) | GC: 0.0ms)


Started GET "/up" for 127.0.0.1 at 2026-07-04 17:04:14 +0000
Processing by Rails::HealthController#show as */*
  Rendering html template
  Rendered html template (Duration: 0.0ms | GC: 0.0ms)
Completed 200 OK in 1ms (Views: 0.6ms | ActiveRecord: 0.0ms (0 queries, 0 cached) | GC: 0.0ms)


Started GET "/up" for 127.0.0.1 at 2026-07-04 17:04:24 +0000
Processing by Rails::HealthController#show as */*
  Rendering html template
  Rendered html template (Duration: 0.0ms | GC: 0.0ms)
Completed 200 OK in 1ms (Views: 0.3ms | ActiveRecord: 0.0ms (0 queries, 0 cached) | GC: 0.0ms)


Started GET "/up" for 127.0.0.1 at 2026-07-04 17:04:34 +0000
Processing by Rails::HealthController#show as */*
  Rendering html template
  Rendered html template (Duration: 0.0ms | GC: 0.0ms)
Completed 200 OK in 1ms (Views: 0.7ms | ActiveRecord: 0.0ms (0 queries, 0 cached) | GC: 0.3ms)


Started GET "/up" for 127.0.0.1 at 2026-07-04 17:04:44 +0000
Processing by Rails::HealthController#show as */*
  Rendering html template
  Rendered html template (Duration: 0.0ms | GC: 0.0ms)
Completed 200 OK in 1ms (Views: 0.3ms | ActiveRecord: 0.0ms (0 queries, 0 cached) | GC: 0.0ms)


Started GET "/up" for 127.0.0.1 at 2026-07-04 17:04:54 +0000
Processing by Rails::HealthController#show as */*
  Rendering html template
  Rendered html template (Duration: 0.0ms | GC: 0.0ms)
Completed 200 OK in 1ms (Views: 0.3ms | ActiveRecord: 0.0ms (0 queries, 0 cached) | GC: 0.0ms)


Started GET "/up" for 127.0.0.1 at 2026-07-04 17:05:04 +0000
Processing by Rails::HealthController#show as */*
  Rendering html template
  Rendered html template (Duration: 0.0ms | GC: 0.0ms)
Completed 200 OK in 1ms (Views: 0.3ms | ActiveRecord: 0.0ms (0 queries, 0 cached) | GC: 0.0ms)


Started GET "/up" for 127.0.0.1 at 2026-07-04 17:05:14 +0000
Processing by Rails::HealthController#show as */*
  Rendering html template
  Rendered html template (Duration: 0.0ms | GC: 0.0ms)
Completed 200 OK in 1ms (Views: 0.5ms | ActiveRecord: 0.0ms (0 queries, 0 cached) | GC: 0.0ms)


Started GET "/up" for 127.0.0.1 at 2026-07-04 17:05:25 +0000
Processing by Rails::HealthController#show as */*
  Rendering html template
  Rendered html template (Duration: 0.0ms | GC: 0.0ms)
Completed 200 OK in 1ms (Views: 0.2ms | ActiveRecord: 0.0ms (0 queries, 0 cached) | GC: 0.0ms)


Started GET "/up" for 127.0.0.1 at 2026-07-04 17:05:35 +0000
Processing by Rails::HealthController#show as */*
  Rendering html template
  Rendered html template (Duration: 0.0ms | GC: 0.0ms)
Completed 200 OK in 1ms (Views: 0.3ms | ActiveRecord: 0.0ms (0 queries, 0 cached) | GC: 0.0ms)


Started GET "/up" for 127.0.0.1 at 2026-07-04 17:05:45 +0000
Processing by Rails::HealthController#show as */*
  Rendering html template
  Rendered html template (Duration: 0.0ms | GC: 0.0ms)
Completed 200 OK in 1ms (Views: 0.3ms | ActiveRecord: 0.0ms (0 queries, 0 cached) | GC: 0.0ms)


Started GET "/up" for 127.0.0.1 at 2026-07-04 17:05:55 +0000
Processing by Rails::HealthController#show as */*
  Rendering html template
  Rendered html template (Duration: 0.0ms | GC: 0.0ms)
Completed 200 OK in 1ms (Views: 0.6ms | ActiveRecord: 0.0ms (0 queries, 0 cached) | GC: 0.0ms)


Started GET "/up" for 127.0.0.1 at 2026-07-04 17:06:05 +0000
Processing by Rails::HealthController#show as */*
  Rendering html template
  Rendered html template (Duration: 0.0ms | GC: 0.0ms)
Completed 200 OK in 1ms (Views: 0.3ms | ActiveRecord: 0.0ms (0 queries, 0 cached) | GC: 0.0ms)


Started GET "/up" for 127.0.0.1 at 2026-07-04 17:06:15 +0000
Processing by Rails::HealthController#show as */*
  Rendering html template
  Rendered html template (Duration: 0.0ms | GC: 0.0ms)
Completed 200 OK in 1ms (Views: 0.3ms | ActiveRecord: 0.0ms (0 queries, 0 cached) | GC: 0.0ms)


Started GET "/up" for 127.0.0.1 at 2026-07-04 17:06:25 +0000
Processing by Rails::HealthController#show as */*
  Rendering html template
  Rendered html template (Duration: 0.0ms | GC: 0.0ms)
Completed 200 OK in 1ms (Views: 0.2ms | ActiveRecord: 0.0ms (0 queries, 0 cached) | GC: 0.0ms)


Started GET "/up" for 127.0.0.1 at 2026-07-04 17:06:35 +0000
Processing by Rails::HealthController#show as */*
  Rendering html template
  Rendered html template (Duration: 0.0ms | GC: 0.0ms)
Completed 200 OK in 1ms (Views: 0.3ms | ActiveRecord: 0.0ms (0 queries, 0 cached) | GC: 0.0ms)


Started GET "/up" for 127.0.0.1 at 2026-07-04 17:06:45 +0000
Processing by Rails::HealthController#show as */*
  Rendering html template
  Rendered html template (Duration: 0.0ms | GC: 0.0ms)
Completed 200 OK in 1ms (Views: 0.3ms | ActiveRecord: 0.0ms (0 queries, 0 cached) | GC: 0.0ms)


Started GET "/up" for 127.0.0.1 at 2026-07-04 17:06:55 +0000
Processing by Rails::HealthController#show as */*
  Rendering html template
  Rendered html template (Duration: 0.0ms | GC: 0.0ms)
Completed 200 OK in 1ms (Views: 0.4ms | ActiveRecord: 0.0ms (0 queries, 0 cached) | GC: 0.0ms)


Started GET "/up" for 127.0.0.1 at 2026-07-04 17:07:05 +0000
Processing by Rails::HealthController#show as */*
  Rendering html template
  Rendered html template (Duration: 0.1ms | GC: 0.0ms)
Completed 200 OK in 2ms (Views: 0.9ms | ActiveRecord: 0.0ms (0 queries, 0 cached) | GC: 0.0ms)


Started GET "/up" for 127.0.0.1 at 2026-07-04 17:07:15 +0000
Processing by Rails::HealthController#show as */*
  Rendering html template
  Rendered html template (Duration: 0.1ms | GC: 0.0ms)
Completed 200 OK in 2ms (Views: 0.9ms | ActiveRecord: 0.0ms (0 queries, 0 cached) | GC: 0.0ms)


Started GET "/up" for 127.0.0.1 at 2026-07-04 17:07:25 +0000
Processing by Rails::HealthController#show as */*
  Rendering html template
  Rendered html template (Duration: 0.0ms | GC: 0.0ms)
Completed 200 OK in 1ms (Views: 0.4ms | ActiveRecord: 0.0ms (0 queries, 0 cached) | GC: 0.0ms)


Started GET "/up" for 127.0.0.1 at 2026-07-04 17:07:35 +0000
Processing by Rails::HealthController#show as */*
  Rendering html template
  Rendered html template (Duration: 0.0ms | GC: 0.0ms)
Completed 200 OK in 1ms (Views: 0.3ms | ActiveRecord: 0.0ms (0 queries, 0 cached) | GC: 0.0ms)


Started GET "/up" for 127.0.0.1 at 2026-07-04 17:07:45 +0000
Processing by Rails::HealthController#show as */*
  Rendering html template
  Rendered html template (Duration: 0.0ms | GC: 0.0ms)
Completed 200 OK in 1ms (Views: 0.3ms | ActiveRecord: 0.0ms (0 queries, 0 cached) | GC: 0.0ms)


Started GET "/up" for 127.0.0.1 at 2026-07-04 17:07:55 +0000
Processing by Rails::HealthController#show as */*
  Rendering html template
  Rendered html template (Duration: 0.0ms | GC: 0.0ms)
Completed 200 OK in 1ms (Views: 0.7ms | ActiveRecord: 0.0ms (0 queries, 0 cached) | GC: 0.0ms)


Started GET "/up" for 127.0.0.1 at 2026-07-04 17:08:05 +0000
Processing by Rails::HealthController#show as */*
  Rendering html template
  Rendered html template (Duration: 0.0ms | GC: 0.0ms)
Completed 200 OK in 1ms (Views: 0.3ms | ActiveRecord: 0.0ms (0 queries, 0 cached) | GC: 0.0ms)


Started GET "/up" for 127.0.0.1 at 2026-07-04 17:08:15 +0000
Processing by Rails::HealthController#show as */*
  Rendering html template
  Rendered html template (Duration: 0.0ms | GC: 0.0ms)
Completed 200 OK in 1ms (Views: 0.7ms | ActiveRecord: 0.0ms (0 queries, 0 cached) | GC: 0.0ms)


Started GET "/up" for 127.0.0.1 at 2026-07-04 17:08:26 +0000
Processing by Rails::HealthController#show as */*
  Rendering html template
  Rendered html template (Duration: 0.0ms | GC: 0.0ms)
Completed 200 OK in 2ms (Views: 0.6ms | ActiveRecord: 0.0ms (0 queries, 0 cached) | GC: 0.0ms)


Started GET "/up" for 127.0.0.1 at 2026-07-04 17:08:36 +0000
Processing by Rails::HealthController#show as */*
  Rendering html template
  Rendered html template (Duration: 0.0ms | GC: 0.0ms)
Completed 200 OK in 1ms (Views: 0.3ms | ActiveRecord: 0.0ms (0 queries, 0 cached) | GC: 0.0ms)


Started GET "/up" for 127.0.0.1 at 2026-07-04 17:08:46 +0000
Processing by Rails::HealthController#show as */*
  Rendering html template
  Rendered html template (Duration: 0.0ms | GC: 0.0ms)
Completed 200 OK in 1ms (Views: 0.4ms | ActiveRecord: 0.0ms (0 queries, 0 cached) | GC: 0.0ms)


Started GET "/up" for 127.0.0.1 at 2026-07-04 17:08:56 +0000
Processing by Rails::HealthController#show as */*
  Rendering html template
  Rendered html template (Duration: 0.0ms | GC: 0.0ms)
Completed 200 OK in 1ms (Views: 0.3ms | ActiveRecord: 0.0ms (0 queries, 0 cached) | GC: 0.0ms)


Started GET "/up" for 127.0.0.1 at 2026-07-04 17:09:06 +0000
Processing by Rails::HealthController#show as */*
  Rendering html template
  Rendered html template (Duration: 0.0ms | GC: 0.0ms)
Completed 200 OK in 1ms (Views: 0.3ms | ActiveRecord: 0.0ms (0 queries, 0 cached) | GC: 0.0ms)


Started GET "/up" for 127.0.0.1 at 2026-07-04 17:09:16 +0000
Processing by Rails::HealthController#show as */*
  Rendering html template
  Rendered html template (Duration: 0.0ms | GC: 0.0ms)
Completed 200 OK in 2ms (Views: 0.9ms | ActiveRecord: 0.0ms (0 queries, 0 cached) | GC: 0.0ms)


Started GET "/up" for 127.0.0.1 at 2026-07-04 17:09:26 +0000
Processing by Rails::HealthController#show as */*
  Rendering html template
  Rendered html template (Duration: 0.0ms | GC: 0.0ms)
Completed 200 OK in 1ms (Views: 0.4ms | ActiveRecord: 0.0ms (0 queries, 0 cached) | GC: 0.0ms)


Started GET "/up" for 127.0.0.1 at 2026-07-04 17:09:36 +0000
Processing by Rails::HealthController#show as */*
  Rendering html template
  Rendered html template (Duration: 0.1ms | GC: 0.0ms)
Completed 200 OK in 1ms (Views: 0.5ms | ActiveRecord: 0.0ms (0 queries, 0 cached) | GC: 0.2ms)


Started GET "/up" for 127.0.0.1 at 2026-07-04 17:09:46 +0000
Processing by Rails::HealthController#show as */*
  Rendering html template
  Rendered html template (Duration: 0.0ms | GC: 0.0ms)
Completed 200 OK in 1ms (Views: 0.3ms | ActiveRecord: 0.0ms (0 queries, 0 cached) | GC: 0.0ms)


Started GET "/up" for 127.0.0.1 at 2026-07-04 17:09:56 +0000
Processing by Rails::HealthController#show as */*
  Rendering html template
  Rendered html template (Duration: 0.0ms | GC: 0.0ms)
Completed 200 OK in 1ms (Views: 0.3ms | ActiveRecord: 0.0ms (0 queries, 0 cached) | GC: 0.0ms)


Started GET "/up" for 127.0.0.1 at 2026-07-04 17:10:06 +0000
Processing by Rails::HealthController#show as */*
  Rendering html template
  Rendered html template (Duration: 0.0ms | GC: 0.0ms)
Completed 200 OK in 1ms (Views: 0.3ms | ActiveRecord: 0.0ms (0 queries, 0 cached) | GC: 0.0ms)


Started GET "/up" for 127.0.0.1 at 2026-07-04 17:10:16 +0000
Processing by Rails::HealthController#show as */*
  Rendering html template
  Rendered html template (Duration: 0.0ms | GC: 0.0ms)
Completed 200 OK in 1ms (Views: 0.6ms | ActiveRecord: 0.0ms (0 queries, 0 cached) | GC: 0.0ms)


Started GET "/up" for 127.0.0.1 at 2026-07-04 17:10:26 +0000
Processing by Rails::HealthController#show as */*
  Rendering html template
  Rendered html template (Duration: 0.1ms | GC: 0.0ms)
Completed 200 OK in 1ms (Views: 0.6ms | ActiveRecord: 0.0ms (0 queries, 0 cached) | GC: 0.0ms)


Started GET "/up" for 127.0.0.1 at 2026-07-04 17:10:36 +0000
Processing by Rails::HealthController#show as */*
  Rendering html template
  Rendered html template (Duration: 0.0ms | GC: 0.0ms)
Completed 200 OK in 1ms (Views: 0.3ms | ActiveRecord: 0.0ms (0 queries, 0 cached) | GC: 0.0ms)


Started GET "/up" for 127.0.0.1 at 2026-07-04 17:10:46 +0000
Processing by Rails::HealthController#show as */*
  Rendering html template
  Rendered html template (Duration: 0.0ms | GC: 0.0ms)
Completed 200 OK in 1ms (Views: 0.3ms | ActiveRecord: 0.0ms (0 queries, 0 cached) | GC: 0.0ms)


Started GET "/up" for 127.0.0.1 at 2026-07-04 17:10:57 +0000
Processing by Rails::HealthController#show as */*
  Rendering html template
  Rendered html template (Duration: 0.0ms | GC: 0.0ms)
Completed 200 OK in 1ms (Views: 0.4ms | ActiveRecord: 0.0ms (0 queries, 0 cached) | GC: 0.0ms)


Started GET "/up" for 127.0.0.1 at 2026-07-04 17:11:07 +0000
Processing by Rails::HealthController#show as */*
  Rendering html template
  Rendered html template (Duration: 0.0ms | GC: 0.0ms)
Completed 200 OK in 1ms (Views: 0.4ms | ActiveRecord: 0.0ms (0 queries, 0 cached) | GC: 0.0ms)


Started GET "/up" for 127.0.0.1 at 2026-07-04 17:11:17 +0000
Processing by Rails::HealthController#show as */*
  Rendering html template
  Rendered html template (Duration: 0.0ms | GC: 0.0ms)
Completed 200 OK in 1ms (Views: 0.3ms | ActiveRecord: 0.0ms (0 queries, 0 cached) | GC: 0.0ms)


Started GET "/up" for 127.0.0.1 at 2026-07-04 17:11:27 +0000
Processing by Rails::HealthController#show as */*
  Rendering html template
  Rendered html template (Duration: 0.0ms | GC: 0.0ms)
Completed 200 OK in 1ms (Views: 0.5ms | ActiveRecord: 0.0ms (0 queries, 0 cached) | GC: 0.0ms)


Started GET "/up" for 127.0.0.1 at 2026-07-04 17:11:37 +0000
Processing by Rails::HealthController#show as */*
  Rendering html template
  Rendered html template (Duration: 0.0ms | GC: 0.0ms)
Completed 200 OK in 1ms (Views: 0.5ms | ActiveRecord: 0.0ms (0 queries, 0 cached) | GC: 0.0ms)


Started GET "/up" for 127.0.0.1 at 2026-07-04 17:11:47 +0000
Processing by Rails::HealthController#show as */*
  Rendering html template
  Rendered html template (Duration: 0.0ms | GC: 0.0ms)
Completed 200 OK in 1ms (Views: 0.3ms | ActiveRecord: 0.0ms (0 queries, 0 cached) | GC: 0.0ms)


Started GET "/up" for 127.0.0.1 at 2026-07-04 17:11:57 +0000
Processing by Rails::HealthController#show as */*
  Rendering html template
  Rendered html template (Duration: 0.1ms | GC: 0.0ms)
Completed 200 OK in 2ms (Views: 1.4ms | ActiveRecord: 0.0ms (0 queries, 0 cached) | GC: 0.0ms)


Started GET "/up" for 127.0.0.1 at 2026-07-04 17:12:07 +0000
Processing by Rails::HealthController#show as */*
  Rendering html template
  Rendered html template (Duration: 0.0ms | GC: 0.0ms)
Completed 200 OK in 1ms (Views: 0.3ms | ActiveRecord: 0.0ms (0 queries, 0 cached) | GC: 0.0ms)


Started GET "/up" for 127.0.0.1 at 2026-07-04 17:12:17 +0000
Processing by Rails::HealthController#show as */*
  Rendering html template
  Rendered html template (Duration: 0.0ms | GC: 0.0ms)
Completed 200 OK in 1ms (Views: 0.3ms | ActiveRecord: 0.0ms (0 queries, 0 cached) | GC: 0.0ms)


Started GET "/up" for 127.0.0.1 at 2026-07-04 17:12:27 +0000
Processing by Rails::HealthController#show as */*
  Rendering html template
  Rendered html template (Duration: 0.0ms | GC: 0.0ms)
Completed 200 OK in 1ms (Views: 0.3ms | ActiveRecord: 0.0ms (0 queries, 0 cached) | GC: 0.0ms)


Started GET "/up" for 127.0.0.1 at 2026-07-04 17:12:37 +0000
Processing by Rails::HealthController#show as */*
  Rendering html template
  Rendered html template (Duration: 0.0ms | GC: 0.0ms)
Completed 200 OK in 1ms (Views: 0.3ms | ActiveRecord: 0.0ms (0 queries, 0 cached) | GC: 0.0ms)


Started GET "/up" for 127.0.0.1 at 2026-07-04 17:12:47 +0000
Processing by Rails::HealthController#show as */*
  Rendering html template
  Rendered html template (Duration: 0.0ms | GC: 0.0ms)
Completed 200 OK in 2ms (Views: 1.1ms | ActiveRecord: 0.0ms (0 queries, 0 cached) | GC: 0.0ms)


Started GET "/up" for 127.0.0.1 at 2026-07-04 17:12:57 +0000
Processing by Rails::HealthController#show as */*
  Rendering html template
  Rendered html template (Duration: 0.0ms | GC: 0.0ms)
Completed 200 OK in 1ms (Views: 0.3ms | ActiveRecord: 0.0ms (0 queries, 0 cached) | GC: 0.0ms)


Started GET "/up" for 127.0.0.1 at 2026-07-04 17:13:07 +0000
Processing by Rails::HealthController#show as */*
  Rendering html template
  Rendered html template (Duration: 0.0ms | GC: 0.0ms)
Completed 200 OK in 3ms (Views: 0.9ms | ActiveRecord: 0.0ms (0 queries, 0 cached) | GC: 0.0ms)


Started GET "/up" for 127.0.0.1 at 2026-07-04 17:13:17 +0000
Processing by Rails::HealthController#show as */*
  Rendering html template
  Rendered html template (Duration: 0.0ms | GC: 0.0ms)
Completed 200 OK in 1ms (Views: 0.7ms | ActiveRecord: 0.0ms (0 queries, 0 cached) | GC: 0.0ms)


Started GET "/up" for 127.0.0.1 at 2026-07-04 17:13:27 +0000
Processing by Rails::HealthController#show as */*
  Rendering html template
  Rendered html template (Duration: 0.0ms | GC: 0.0ms)
Completed 200 OK in 2ms (Views: 1.4ms | ActiveRecord: 0.0ms (0 queries, 0 cached) | GC: 0.0ms)


Started GET "/up" for 127.0.0.1 at 2026-07-04 17:13:37 +0000
Processing by Rails::HealthController#show as */*
  Rendering html template
  Rendered html template (Duration: 0.0ms | GC: 0.0ms)
Completed 200 OK in 2ms (Views: 1.4ms | ActiveRecord: 0.0ms (0 queries, 0 cached) | GC: 0.0ms)


Started GET "/up" for 127.0.0.1 at 2026-07-04 17:13:48 +0000
Processing by Rails::HealthController#show as */*
  Rendering html template
  Rendered html template (Duration: 0.0ms | GC: 0.0ms)
Completed 200 OK in 2ms (Views: 0.8ms | ActiveRecord: 0.0ms (0 queries, 0 cached) | GC: 0.0ms)


Started GET "/up" for 127.0.0.1 at 2026-07-04 17:13:58 +0000
Processing by Rails::HealthController#show as */*
  Rendering html template
  Rendered html template (Duration: 0.0ms | GC: 0.0ms)
Completed 200 OK in 2ms (Views: 0.9ms | ActiveRecord: 0.0ms (0 queries, 0 cached) | GC: 0.0ms)


Started GET "/up" for 127.0.0.1 at 2026-07-04 17:14:08 +0000
Processing by Rails::HealthController#show as */*
  Rendering html template
  Rendered html template (Duration: 0.0ms | GC: 0.0ms)
Completed 200 OK in 1ms (Views: 0.3ms | ActiveRecord: 0.0ms (0 queries, 0 cached) | GC: 0.0ms)


Started GET "/up" for 127.0.0.1 at 2026-07-04 17:14:18 +0000
Processing by Rails::HealthController#show as */*
  Rendering html template
  Rendered html template (Duration: 0.0ms | GC: 0.0ms)
Completed 200 OK in 1ms (Views: 0.3ms | ActiveRecord: 0.0ms (0 queries, 0 cached) | GC: 0.0ms)


Started GET "/up" for 127.0.0.1 at 2026-07-04 17:14:28 +0000
Processing by Rails::HealthController#show as */*
  Rendering html template
  Rendered html template (Duration: 0.0ms | GC: 0.0ms)
Completed 200 OK in 1ms (Views: 0.6ms | ActiveRecord: 0.0ms (0 queries, 0 cached) | GC: 0.0ms)


Started GET "/up" for 127.0.0.1 at 2026-07-04 17:14:38 +0000
Processing by Rails::HealthController#show as */*
  Rendering html template
  Rendered html template (Duration: 0.0ms | GC: 0.0ms)
Completed 200 OK in 1ms (Views: 0.4ms | ActiveRecord: 0.0ms (0 queries, 0 cached) | GC: 0.0ms)


Started GET "/up" for 127.0.0.1 at 2026-07-04 17:14:48 +0000
Processing by Rails::HealthController#show as */*
  Rendering html template
  Rendered html template (Duration: 0.0ms | GC: 0.0ms)
Completed 200 OK in 1ms (Views: 0.3ms | ActiveRecord: 0.0ms (0 queries, 0 cached) | GC: 0.0ms)


Started GET "/up" for 127.0.0.1 at 2026-07-04 17:14:58 +0000
Processing by Rails::HealthController#show as */*
  Rendering html template
  Rendered html template (Duration: 0.0ms | GC: 0.0ms)
Completed 200 OK in 1ms (Views: 0.4ms | ActiveRecord: 0.0ms (0 queries, 0 cached) | GC: 0.0ms)


Started GET "/up" for 127.0.0.1 at 2026-07-04 17:15:08 +0000
Processing by Rails::HealthController#show as */*
  Rendering html template
  Rendered html template (Duration: 0.0ms | GC: 0.0ms)
Completed 200 OK in 1ms (Views: 0.3ms | ActiveRecord: 0.0ms (0 queries, 0 cached) | GC: 0.0ms)


Started GET "/up" for 127.0.0.1 at 2026-07-04 17:15:18 +0000
Processing by Rails::HealthController#show as */*
  Rendering html template
  Rendered html template (Duration: 0.0ms | GC: 0.0ms)
Completed 200 OK in 1ms (Views: 0.3ms | ActiveRecord: 0.0ms (0 queries, 0 cached) | GC: 0.0ms)


Started GET "/up" for 127.0.0.1 at 2026-07-04 17:15:28 +0000
Processing by Rails::HealthController#show as */*
  Rendering html template
  Rendered html template (Duration: 0.0ms | GC: 0.0ms)
Completed 200 OK in 2ms (Views: 0.6ms | ActiveRecord: 0.0ms (0 queries, 0 cached) | GC: 0.0ms)


Started GET "/up" for 127.0.0.1 at 2026-07-04 17:15:38 +0000
Processing by Rails::HealthController#show as */*
  Rendering html template
  Rendered html template (Duration: 0.0ms | GC: 0.0ms)
Completed 200 OK in 2ms (Views: 1.0ms | ActiveRecord: 0.0ms (0 queries, 0 cached) | GC: 0.0ms)


Started GET "/up" for 127.0.0.1 at 2026-07-04 17:15:48 +0000
Processing by Rails::HealthController#show as */*
  Rendering html template
  Rendered html template (Duration: 0.0ms | GC: 0.0ms)
Completed 200 OK in 1ms (Views: 0.3ms | ActiveRecord: 0.0ms (0 queries, 0 cached) | GC: 0.0ms)


Started GET "/up" for 127.0.0.1 at 2026-07-04 17:15:58 +0000
Processing by Rails::HealthController#show as */*
  Rendering html template
  Rendered html template (Duration: 0.0ms | GC: 0.0ms)
Completed 200 OK in 1ms (Views: 0.8ms | ActiveRecord: 0.0ms (0 queries, 0 cached) | GC: 0.0ms)


Started GET "/up" for 127.0.0.1 at 2026-07-04 17:16:08 +0000
Processing by Rails::HealthController#show as */*
  Rendering html template
  Rendered html template (Duration: 0.0ms | GC: 0.0ms)
Completed 200 OK in 1ms (Views: 0.4ms | ActiveRecord: 0.0ms (0 queries, 0 cached) | GC: 0.0ms)


Started GET "/up" for 127.0.0.1 at 2026-07-04 17:16:18 +0000
Processing by Rails::HealthController#show as */*
  Rendering html template
  Rendered html template (Duration: 0.0ms | GC: 0.0ms)
Completed 200 OK in 1ms (Views: 0.4ms | ActiveRecord: 0.0ms (0 queries, 0 cached) | GC: 0.0ms)


Started GET "/up" for 127.0.0.1 at 2026-07-04 17:16:29 +0000
Processing by Rails::HealthController#show as */*
  Rendering html template
  Rendered html template (Duration: 0.0ms | GC: 0.0ms)
Completed 200 OK in 1ms (Views: 0.4ms | ActiveRecord: 0.0ms (0 queries, 0 cached) | GC: 0.0ms)


  [1m[35mSQL (0.8ms)[0m  [1m[35mSET search_path TO public /*application='Dummy'*/[0m
  [1m[35m (124.1ms)[0m  [1m[35mCREATE DATABASE "dummy_development" ENCODING = 'unicode' /*application='Dummy'*/[0m
  [1m[35mSQL (0.1ms)[0m  [1m[35mSET search_path TO public /*application='Dummy'*/[0m
  [1m[35m (48.3ms)[0m  [1m[35mCREATE DATABASE "dummy_test" ENCODING = 'unicode' /*application='Dummy'*/[0m
Started GET "/up" for 127.0.0.1 at 2026-07-04 17:17:19 +0000
  [1m[35m (4.8ms)[0m  [1m[35mCREATE TABLE "schema_migrations" ("version" character varying NOT NULL PRIMARY KEY) /*application='Dummy'*/[0m
  [1m[35m (1.7ms)[0m  [1m[35mCREATE TABLE "ar_internal_metadata" ("key" character varying NOT NULL PRIMARY KEY, "value" character varying, "created_at" timestamp(6) NOT NULL, "updated_at" timestamp(6) NOT NULL) /*application='Dummy'*/[0m
  [1m[36mActiveRecord::SchemaMigration Load (0.7ms)[0m  [1m[34mSELECT "schema_migrations"."version" FROM "schema_migrations" ORDER BY "schema_migrations"."version" ASC /*application='Dummy'*/[0m
Processing by Rails::HealthController#show as */*
  Rendering html template
  Rendered html template (Duration: 0.0ms | GC: 0.0ms)
Completed 200 OK in 8ms (Views: 4.6ms | ActiveRecord: 0.0ms (0 queries, 0 cached) | GC: 0.0ms)


Started GET "/up" for 127.0.0.1 at 2026-07-04 17:17:29 +0000
Processing by Rails::HealthController#show as */*
  Rendering html template
  Rendered html template (Duration: 0.0ms | GC: 0.0ms)
Completed 200 OK in 1ms (Views: 0.3ms | ActiveRecord: 0.0ms (0 queries, 0 cached) | GC: 0.0ms)


Started GET "/up" for 127.0.0.1 at 2026-07-04 17:17:39 +0000
Processing by Rails::HealthController#show as */*
  Rendering html template
  Rendered html template (Duration: 0.0ms | GC: 0.0ms)
Completed 200 OK in 1ms (Views: 0.6ms | ActiveRecord: 0.0ms (0 queries, 0 cached) | GC: 0.0ms)


Started GET "/up" for 127.0.0.1 at 2026-07-04 17:17:49 +0000
Processing by Rails::HealthController#show as */*
  Rendering html template
  Rendered html template (Duration: 0.1ms | GC: 0.0ms)
Completed 200 OK in 2ms (Views: 1.0ms | ActiveRecord: 0.0ms (0 queries, 0 cached) | GC: 0.0ms)


Started GET "/up" for 127.0.0.1 at 2026-07-04 17:17:59 +0000
Processing by Rails::HealthController#show as */*
  Rendering html template
  Rendered html template (Duration: 0.0ms | GC: 0.0ms)
Completed 200 OK in 1ms (Views: 0.3ms | ActiveRecord: 0.0ms (0 queries, 0 cached) | GC: 0.0ms)


Started GET "/up" for 127.0.0.1 at 2026-07-04 17:18:09 +0000
Processing by Rails::HealthController#show as */*
  Rendering html template
  Rendered html template (Duration: 0.0ms | GC: 0.0ms)
Completed 200 OK in 1ms (Views: 0.5ms | ActiveRecord: 0.0ms (0 queries, 0 cached) | GC: 0.0ms)


Started GET "/up" for 127.0.0.1 at 2026-07-04 17:18:19 +0000
Processing by Rails::HealthController#show as */*
  Rendering html template
  Rendered html template (Duration: 0.0ms | GC: 0.0ms)
Completed 200 OK in 1ms (Views: 0.4ms | ActiveRecord: 0.0ms (0 queries, 0 cached) | GC: 0.0ms)


Started GET "/up" for 127.0.0.1 at 2026-07-04 17:18:29 +0000
Processing by Rails::HealthController#show as */*
  Rendering html template
  Rendered html template (Duration: 0.0ms | GC: 0.0ms)
Completed 200 OK in 1ms (Views: 0.3ms | ActiveRecord: 0.0ms (0 queries, 0 cached) | GC: 0.0ms)


Started GET "/up" for 127.0.0.1 at 2026-07-04 17:18:39 +0000
Processing by Rails::HealthController#show as */*
  Rendering html template
  Rendered html template (Duration: 0.0ms | GC: 0.0ms)
Completed 200 OK in 1ms (Views: 0.3ms | ActiveRecord: 0.0ms (0 queries, 0 cached) | GC: 0.0ms)


Started GET "/up" for 127.0.0.1 at 2026-07-04 17:18:49 +0000
Processing by Rails::HealthController#show as */*
  Rendering html template
  Rendered html template (Duration: 0.0ms | GC: 0.0ms)
Completed 200 OK in 2ms (Views: 0.8ms | ActiveRecord: 0.0ms (0 queries, 0 cached) | GC: 0.0ms)


Started GET "/up" for 127.0.0.1 at 2026-07-04 17:18:59 +0000
Processing by Rails::HealthController#show as */*
  Rendering html template
  Rendered html template (Duration: 0.0ms | GC: 0.0ms)
Completed 200 OK in 1ms (Views: 0.3ms | ActiveRecord: 0.0ms (0 queries, 0 cached) | GC: 0.0ms)


Started GET "/up" for 127.0.0.1 at 2026-07-04 17:19:09 +0000
Processing by Rails::HealthController#show as */*
  Rendering html template
  Rendered html template (Duration: 0.0ms | GC: 0.0ms)
Completed 200 OK in 1ms (Views: 0.5ms | ActiveRecord: 0.0ms (0 queries, 0 cached) | GC: 0.0ms)


Started GET "/up" for 127.0.0.1 at 2026-07-04 17:19:19 +0000
Processing by Rails::HealthController#show as */*
  Rendering html template
  Rendered html template (Duration: 0.0ms | GC: 0.0ms)
Completed 200 OK in 2ms (Views: 0.8ms | ActiveRecord: 0.0ms (0 queries, 0 cached) | GC: 0.0ms)


Started GET "/up" for 127.0.0.1 at 2026-07-04 17:19:29 +0000
Processing by Rails::HealthController#show as */*
  Rendering html template
  Rendered html template (Duration: 0.0ms | GC: 0.0ms)
Completed 200 OK in 1ms (Views: 0.3ms | ActiveRecord: 0.0ms (0 queries, 0 cached) | GC: 0.0ms)


Started GET "/up" for 127.0.0.1 at 2026-07-04 17:19:40 +0000
Processing by Rails::HealthController#show as */*
  Rendering html template
  Rendered html template (Duration: 0.0ms | GC: 0.0ms)
Completed 200 OK in 1ms (Views: 0.3ms | ActiveRecord: 0.0ms (0 queries, 0 cached) | GC: 0.0ms)


Started GET "/up" for 127.0.0.1 at 2026-07-04 17:19:50 +0000
Processing by Rails::HealthController#show as */*
  Rendering html template
  Rendered html template (Duration: 0.0ms | GC: 0.0ms)
Completed 200 OK in 1ms (Views: 0.3ms | ActiveRecord: 0.0ms (0 queries, 0 cached) | GC: 0.0ms)


Started GET "/up" for 127.0.0.1 at 2026-07-04 17:20:00 +0000
Processing by Rails::HealthController#show as */*
  Rendering html template
  Rendered html template (Duration: 0.0ms | GC: 0.0ms)
Completed 200 OK in 1ms (Views: 0.3ms | ActiveRecord: 0.0ms (0 queries, 0 cached) | GC: 0.0ms)


Started GET "/up" for 127.0.0.1 at 2026-07-04 17:20:10 +0000
Processing by Rails::HealthController#show as */*
  Rendering html template
  Rendered html template (Duration: 0.0ms | GC: 0.0ms)
Completed 200 OK in 1ms (Views: 0.4ms | ActiveRecord: 0.0ms (0 queries, 0 cached) | GC: 0.0ms)


Started GET "/up" for 127.0.0.1 at 2026-07-04 17:20:20 +0000
Processing by Rails::HealthController#show as */*
  Rendering html template
  Rendered html template (Duration: 0.0ms | GC: 0.0ms)
Completed 200 OK in 1ms (Views: 0.2ms | ActiveRecord: 0.0ms (0 queries, 0 cached) | GC: 0.0ms)


Started GET "/up" for 127.0.0.1 at 2026-07-04 17:20:30 +0000
Processing by Rails::HealthController#show as */*
  Rendering html template
  Rendered html template (Duration: 0.0ms | GC: 0.0ms)
Completed 200 OK in 1ms (Views: 0.3ms | ActiveRecord: 0.0ms (0 queries, 0 cached) | GC: 0.0ms)


Started GET "/up" for 127.0.0.1 at 2026-07-04 17:20:40 +0000
Processing by Rails::HealthController#show as */*
  Rendering html template
  Rendered html template (Duration: 0.1ms | GC: 0.0ms)
Completed 200 OK in 2ms (Views: 1.0ms | ActiveRecord: 0.0ms (0 queries, 0 cached) | GC: 0.0ms)


Started GET "/up" for 127.0.0.1 at 2026-07-04 17:20:50 +0000
Processing by Rails::HealthController#show as */*
  Rendering html template
  Rendered html template (Duration: 0.0ms | GC: 0.0ms)
Completed 200 OK in 1ms (Views: 0.3ms | ActiveRecord: 0.0ms (0 queries, 0 cached) | GC: 0.0ms)


Started GET "/up" for 127.0.0.1 at 2026-07-04 17:21:00 +0000
Processing by Rails::HealthController#show as */*
  Rendering html template
  Rendered html template (Duration: 0.0ms | GC: 0.0ms)
Completed 200 OK in 2ms (Views: 0.6ms | ActiveRecord: 0.0ms (0 queries, 0 cached) | GC: 0.0ms)


Started GET "/up" for 127.0.0.1 at 2026-07-04 17:21:10 +0000
Processing by Rails::HealthController#show as */*
  Rendering html template
  Rendered html template (Duration: 0.0ms | GC: 0.0ms)
Completed 200 OK in 1ms (Views: 0.3ms | ActiveRecord: 0.0ms (0 queries, 0 cached) | GC: 0.0ms)


Started GET "/up" for 127.0.0.1 at 2026-07-04 17:21:20 +0000
Processing by Rails::HealthController#show as */*
  Rendering html template
  Rendered html template (Duration: 0.0ms | GC: 0.0ms)
Completed 200 OK in 1ms (Views: 0.4ms | ActiveRecord: 0.0ms (0 queries, 0 cached) | GC: 0.0ms)


Started GET "/up" for 127.0.0.1 at 2026-07-04 17:21:30 +0000
Processing by Rails::HealthController#show as */*
  Rendering html template
  Rendered html template (Duration: 0.0ms | GC: 0.0ms)
Completed 200 OK in 1ms (Views: 0.3ms | ActiveRecord: 0.0ms (0 queries, 0 cached) | GC: 0.0ms)


Started GET "/up" for 127.0.0.1 at 2026-07-04 17:21:40 +0000
Processing by Rails::HealthController#show as */*
  Rendering html template
  Rendered html template (Duration: 0.0ms | GC: 0.0ms)
Completed 200 OK in 1ms (Views: 0.2ms | ActiveRecord: 0.0ms (0 queries, 0 cached) | GC: 0.0ms)


Started GET "/up" for 127.0.0.1 at 2026-07-04 17:21:50 +0000
Processing by Rails::HealthController#show as */*
  Rendering html template
  Rendered html template (Duration: 0.0ms | GC: 0.0ms)
Completed 200 OK in 1ms (Views: 0.8ms | ActiveRecord: 0.0ms (0 queries, 0 cached) | GC: 0.0ms)


Started GET "/up" for 127.0.0.1 at 2026-07-04 17:22:00 +0000
Processing by Rails::HealthController#show as */*
  Rendering html template
  Rendered html template (Duration: 0.0ms | GC: 0.0ms)
Completed 200 OK in 1ms (Views: 0.6ms | ActiveRecord: 0.0ms (0 queries, 0 cached) | GC: 0.0ms)


Started GET "/up" for 127.0.0.1 at 2026-07-04 17:22:10 +0000
Processing by Rails::HealthController#show as */*
  Rendering html template
  Rendered html template (Duration: 0.0ms | GC: 0.0ms)
Completed 200 OK in 1ms (Views: 0.3ms | ActiveRecord: 0.0ms (0 queries, 0 cached) | GC: 0.0ms)


Started GET "/up" for 127.0.0.1 at 2026-07-04 17:22:20 +0000
Processing by Rails::HealthController#show as */*
  Rendering html template
  Rendered html template (Duration: 0.0ms | GC: 0.0ms)
Completed 200 OK in 1ms (Views: 0.4ms | ActiveRecord: 0.0ms (0 queries, 0 cached) | GC: 0.0ms)


Started GET "/up" for 127.0.0.1 at 2026-07-04 17:22:30 +0000
Processing by Rails::HealthController#show as */*
  Rendering html template
  Rendered html template (Duration: 0.0ms | GC: 0.0ms)
Completed 200 OK in 1ms (Views: 0.3ms | ActiveRecord: 0.0ms (0 queries, 0 cached) | GC: 0.0ms)


Started GET "/up" for 127.0.0.1 at 2026-07-04 17:22:41 +0000
Processing by Rails::HealthController#show as */*
  Rendering html template
  Rendered html template (Duration: 0.0ms | GC: 0.0ms)
Completed 200 OK in 1ms (Views: 0.4ms | ActiveRecord: 0.0ms (0 queries, 0 cached) | GC: 0.0ms)


Started GET "/up" for 127.0.0.1 at 2026-07-04 17:22:51 +0000
Processing by Rails::HealthController#show as */*
  Rendering html template
  Rendered html template (Duration: 0.0ms | GC: 0.0ms)
Completed 200 OK in 1ms (Views: 0.3ms | ActiveRecord: 0.0ms (0 queries, 0 cached) | GC: 0.0ms)


Started GET "/up" for 127.0.0.1 at 2026-07-04 17:23:01 +0000
Processing by Rails::HealthController#show as */*
  Rendering html template
  Rendered html template (Duration: 0.0ms | GC: 0.0ms)
Completed 200 OK in 1ms (Views: 0.3ms | ActiveRecord: 0.0ms (0 queries, 0 cached) | GC: 0.0ms)


Started GET "/up" for 127.0.0.1 at 2026-07-04 17:23:11 +0000
Processing by Rails::HealthController#show as */*
  Rendering html template
  Rendered html template (Duration: 0.0ms | GC: 0.0ms)
Completed 200 OK in 4ms (Views: 1.0ms | ActiveRecord: 0.0ms (0 queries, 0 cached) | GC: 0.0ms)


Started GET "/up" for 127.0.0.1 at 2026-07-04 17:23:21 +0000
Processing by Rails::HealthController#show as */*
  Rendering html template
  Rendered html template (Duration: 0.0ms | GC: 0.0ms)
Completed 200 OK in 1ms (Views: 0.7ms | ActiveRecord: 0.0ms (0 queries, 0 cached) | GC: 0.0ms)


Started GET "/up" for 127.0.0.1 at 2026-07-04 17:23:31 +0000
Processing by Rails::HealthController#show as */*
  Rendering html template
  Rendered html template (Duration: 0.0ms | GC: 0.0ms)
Completed 200 OK in 1ms (Views: 0.4ms | ActiveRecord: 0.0ms (0 queries, 0 cached) | GC: 0.0ms)


Started GET "/up" for 127.0.0.1 at 2026-07-04 17:23:41 +0000
Processing by Rails::HealthController#show as */*
  Rendering html template
  Rendered html template (Duration: 0.0ms | GC: 0.0ms)
Completed 200 OK in 2ms (Views: 0.9ms | ActiveRecord: 0.0ms (0 queries, 0 cached) | GC: 0.0ms)


Started GET "/up" for 127.0.0.1 at 2026-07-04 17:23:51 +0000
Processing by Rails::HealthController#show as */*
  Rendering html template
  Rendered html template (Duration: 0.0ms | GC: 0.0ms)
Completed 200 OK in 2ms (Views: 0.8ms | ActiveRecord: 0.0ms (0 queries, 0 cached) | GC: 0.0ms)


Started GET "/up" for 127.0.0.1 at 2026-07-04 17:24:01 +0000
Processing by Rails::HealthController#show as */*
  Rendering html template
  Rendered html template (Duration: 0.0ms | GC: 0.0ms)
Completed 200 OK in 1ms (Views: 0.3ms | ActiveRecord: 0.0ms (0 queries, 0 cached) | GC: 0.0ms)


Started GET "/up" for 127.0.0.1 at 2026-07-04 17:24:11 +0000
Processing by Rails::HealthController#show as */*
  Rendering html template
  Rendered html template (Duration: 0.0ms | GC: 0.0ms)
Completed 200 OK in 1ms (Views: 0.5ms | ActiveRecord: 0.0ms (0 queries, 0 cached) | GC: 0.0ms)


Started GET "/up" for 127.0.0.1 at 2026-07-04 17:24:21 +0000
Processing by Rails::HealthController#show as */*
  Rendering html template
  Rendered html template (Duration: 0.0ms | GC: 0.0ms)
Completed 200 OK in 1ms (Views: 0.5ms | ActiveRecord: 0.0ms (0 queries, 0 cached) | GC: 0.0ms)


Started GET "/up" for 127.0.0.1 at 2026-07-04 17:24:31 +0000
Processing by Rails::HealthController#show as */*
  Rendering html template
  Rendered html template (Duration: 0.0ms | GC: 0.0ms)
Completed 200 OK in 1ms (Views: 0.4ms | ActiveRecord: 0.0ms (0 queries, 0 cached) | GC: 0.0ms)


Started GET "/up" for 127.0.0.1 at 2026-07-04 17:24:41 +0000
Processing by Rails::HealthController#show as */*
  Rendering html template
  Rendered html template (Duration: 0.0ms | GC: 0.0ms)
Completed 200 OK in 1ms (Views: 0.4ms | ActiveRecord: 0.0ms (0 queries, 0 cached) | GC: 0.0ms)


Started GET "/up" for 127.0.0.1 at 2026-07-04 17:24:51 +0000
Processing by Rails::HealthController#show as */*
  Rendering html template
  Rendered html template (Duration: 0.0ms | GC: 0.0ms)
Completed 200 OK in 1ms (Views: 0.3ms | ActiveRecord: 0.0ms (0 queries, 0 cached) | GC: 0.0ms)


Started GET "/up" for 127.0.0.1 at 2026-07-04 17:25:01 +0000
Processing by Rails::HealthController#show as */*
  Rendering html template
  Rendered html template (Duration: 0.0ms | GC: 0.0ms)
Completed 200 OK in 1ms (Views: 0.3ms | ActiveRecord: 0.0ms (0 queries, 0 cached) | GC: 0.0ms)


Started GET "/up" for 127.0.0.1 at 2026-07-04 17:25:11 +0000
Processing by Rails::HealthController#show as */*
  Rendering html template
  Rendered html template (Duration: 0.0ms | GC: 0.0ms)
Completed 200 OK in 1ms (Views: 0.6ms | ActiveRecord: 0.0ms (0 queries, 0 cached) | GC: 0.0ms)


Started GET "/up" for 127.0.0.1 at 2026-07-04 17:25:21 +0000
Processing by Rails::HealthController#show as */*
  Rendering html template
  Rendered html template (Duration: 0.0ms | GC: 0.0ms)
Completed 200 OK in 1ms (Views: 0.3ms | ActiveRecord: 0.0ms (0 queries, 0 cached) | GC: 0.0ms)


Started GET "/up" for 127.0.0.1 at 2026-07-04 17:25:31 +0000
Processing by Rails::HealthController#show as */*
  Rendering html template
  Rendered html template (Duration: 0.0ms | GC: 0.0ms)
Completed 200 OK in 1ms (Views: 0.5ms | ActiveRecord: 0.0ms (0 queries, 0 cached) | GC: 0.0ms)


Started GET "/up" for 127.0.0.1 at 2026-07-04 17:25:41 +0000
Processing by Rails::HealthController#show as */*
  Rendering html template
  Rendered html template (Duration: 0.0ms | GC: 0.0ms)
Completed 200 OK in 1ms (Views: 0.3ms | ActiveRecord: 0.0ms (0 queries, 0 cached) | GC: 0.0ms)


Started GET "/up" for 127.0.0.1 at 2026-07-04 17:25:52 +0000
Processing by Rails::HealthController#show as */*
  Rendering html template
  Rendered html template (Duration: 0.0ms | GC: 0.0ms)
Completed 200 OK in 2ms (Views: 1.2ms | ActiveRecord: 0.0ms (0 queries, 0 cached) | GC: 0.0ms)


Started GET "/up" for 127.0.0.1 at 2026-07-04 17:26:02 +0000
Processing by Rails::HealthController#show as */*
  Rendering html template
  Rendered html template (Duration: 0.0ms | GC: 0.0ms)
Completed 200 OK in 1ms (Views: 0.7ms | ActiveRecord: 0.0ms (0 queries, 0 cached) | GC: 0.0ms)


Started GET "/up" for 127.0.0.1 at 2026-07-04 17:26:12 +0000
Processing by Rails::HealthController#show as */*
  Rendering html template
  Rendered html template (Duration: 0.0ms | GC: 0.0ms)
Completed 200 OK in 1ms (Views: 0.5ms | ActiveRecord: 0.0ms (0 queries, 0 cached) | GC: 0.0ms)


Started GET "/up" for 127.0.0.1 at 2026-07-04 17:26:22 +0000
Processing by Rails::HealthController#show as */*
  Rendering html template
  Rendered html template (Duration: 0.0ms | GC: 0.0ms)
Completed 200 OK in 1ms (Views: 0.3ms | ActiveRecord: 0.0ms (0 queries, 0 cached) | GC: 0.0ms)


Started GET "/up" for 127.0.0.1 at 2026-07-04 17:26:32 +0000
Processing by Rails::HealthController#show as */*
  Rendering html template
  Rendered html template (Duration: 0.0ms | GC: 0.0ms)
Completed 200 OK in 1ms (Views: 0.4ms | ActiveRecord: 0.0ms (0 queries, 0 cached) | GC: 0.0ms)


Started GET "/up" for 127.0.0.1 at 2026-07-04 17:26:42 +0000
Processing by Rails::HealthController#show as */*
  Rendering html template
  Rendered html template (Duration: 0.0ms | GC: 0.0ms)
Completed 200 OK in 1ms (Views: 0.3ms | ActiveRecord: 0.0ms (0 queries, 0 cached) | GC: 0.0ms)


Started GET "/up" for 127.0.0.1 at 2026-07-04 17:26:52 +0000
Processing by Rails::HealthController#show as */*
  Rendering html template
  Rendered html template (Duration: 0.0ms | GC: 0.0ms)
Completed 200 OK in 1ms (Views: 0.4ms | ActiveRecord: 0.0ms (0 queries, 0 cached) | GC: 0.0ms)


Started GET "/up" for 127.0.0.1 at 2026-07-04 17:27:02 +0000
Processing by Rails::HealthController#show as */*
  Rendering html template
  Rendered html template (Duration: 0.0ms | GC: 0.0ms)
Completed 200 OK in 1ms (Views: 0.3ms | ActiveRecord: 0.0ms (0 queries, 0 cached) | GC: 0.0ms)


Started GET "/up" for 127.0.0.1 at 2026-07-04 17:27:12 +0000
Processing by Rails::HealthController#show as */*
  Rendering html template
  Rendered html template (Duration: 0.0ms | GC: 0.0ms)
Completed 200 OK in 1ms (Views: 0.3ms | ActiveRecord: 0.0ms (0 queries, 0 cached) | GC: 0.0ms)


Started GET "/up" for 127.0.0.1 at 2026-07-04 17:27:22 +0000
Processing by Rails::HealthController#show as */*
  Rendering html template
  Rendered html template (Duration: 0.0ms | GC: 0.0ms)
Completed 200 OK in 1ms (Views: 0.3ms | ActiveRecord: 0.0ms (0 queries, 0 cached) | GC: 0.0ms)


Started GET "/up" for 127.0.0.1 at 2026-07-04 17:27:32 +0000
Processing by Rails::HealthController#show as */*
  Rendering html template
  Rendered html template (Duration: 0.0ms | GC: 0.0ms)
Completed 200 OK in 1ms (Views: 0.3ms | ActiveRecord: 0.0ms (0 queries, 0 cached) | GC: 0.0ms)


Started GET "/up" for 127.0.0.1 at 2026-07-04 17:27:42 +0000
Processing by Rails::HealthController#show as */*
  Rendering html template
  Rendered html template (Duration: 0.1ms | GC: 0.0ms)
Completed 200 OK in 1ms (Views: 0.7ms | ActiveRecord: 0.0ms (0 queries, 0 cached) | GC: 0.0ms)


Started GET "/up" for 127.0.0.1 at 2026-07-04 17:27:52 +0000
Processing by Rails::HealthController#show as */*
  Rendering html template
  Rendered html template (Duration: 0.0ms | GC: 0.0ms)
Completed 200 OK in 1ms (Views: 0.4ms | ActiveRecord: 0.0ms (0 queries, 0 cached) | GC: 0.0ms)


Started GET "/up" for 127.0.0.1 at 2026-07-04 17:28:02 +0000
Processing by Rails::HealthController#show as */*
  Rendering html template
  Rendered html template (Duration: 0.0ms | GC: 0.0ms)
Completed 200 OK in 1ms (Views: 0.4ms | ActiveRecord: 0.0ms (0 queries, 0 cached) | GC: 0.0ms)


